/******************************************************************************/
/***          Generated by IBExpert 2012.03.13 20.09.2012 19:14:05          ***/
/******************************************************************************/

SET SQL DIALECT 3;

SET NAMES WIN1251;

SET CLIENTLIB 'C:\FB\2_5\bin\fbclient.dll';

CREATE DATABASE 'D:\PRJ\BSF\CaBaRe\Output\DB\CaBaRe.gdb'
USER 'SYSDBA'
PAGE_SIZE 16384
DEFAULT CHARACTER SET WIN1251 COLLATION WIN1251;

INSERT INTO BFW_ENT (ENTITYNAME, SCHEMENAME, IS_SCHEME, DESCRIPTION) VALUES ('BFW_META', 'BFW', 0, NULL);
INSERT INTO BFW_ENT (ENTITYNAME, SCHEMENAME, IS_SCHEME, DESCRIPTION) VALUES ('BFW_UI', 'BFW', 0, NULL);
INSERT INTO BFW_ENT (ENTITYNAME, SCHEMENAME, IS_SCHEME, DESCRIPTION) VALUES ('BFW_SEC_PERM', 'BFW_SEC', 0, NULL);
INSERT INTO BFW_ENT (ENTITYNAME, SCHEMENAME, IS_SCHEME, DESCRIPTION) VALUES ('BFW_SEC_POLICY', 'BFW_SEC', 0, NULL);
INSERT INTO BFW_ENT (ENTITYNAME, SCHEMENAME, IS_SCHEME, DESCRIPTION) VALUES ('BFW_SEC_PROV', 'BFW_SEC', 0, NULL);
INSERT INTO BFW_ENT (ENTITYNAME, SCHEMENAME, IS_SCHEME, DESCRIPTION) VALUES ('BFW_SEC_USER', 'BFW_SEC', 0, NULL);
INSERT INTO BFW_ENT (ENTITYNAME, SCHEMENAME, IS_SCHEME, DESCRIPTION) VALUES ('BFW_INF_MSG', 'BFW1', 0, NULL);
INSERT INTO BFW_ENT (ENTITYNAME, SCHEMENAME, IS_SCHEME, DESCRIPTION) VALUES ('BFW_IDE', 'BFW_IDE', 0, 'BFW IDE');
INSERT INTO BFW_ENT (ENTITYNAME, SCHEMENAME, IS_SCHEME, DESCRIPTION) VALUES ('BFW_IDE_ENT', 'BFW_IDE', 0, '');
INSERT INTO BFW_ENT (ENTITYNAME, SCHEMENAME, IS_SCHEME, DESCRIPTION) VALUES ('BFW_IDE_EVIEW', 'BFW_IDE', 0, NULL);
INSERT INTO BFW_ENT (ENTITYNAME, SCHEMENAME, IS_SCHEME, DESCRIPTION) VALUES ('BFW_IDE_UI', 'BFW_IDE', 0, NULL);
INSERT INTO BFW_ENT (ENTITYNAME, SCHEMENAME, IS_SCHEME, DESCRIPTION) VALUES ('BFW_IDE_UI_CLS', 'BFW_IDE', 0, NULL);
INSERT INTO BFW_ENT (ENTITYNAME, SCHEMENAME, IS_SCHEME, DESCRIPTION) VALUES ('BFW_IDE_UI_FIELDS', 'BFW_IDE', 0, NULL);
INSERT INTO BFW_ENT (ENTITYNAME, SCHEMENAME, IS_SCHEME, DESCRIPTION) VALUES ('BFW_IDE_UI_CMD', 'BFW_IDE', 0, 'UI Commands');
INSERT INTO BFW_ENT (ENTITYNAME, SCHEMENAME, IS_SCHEME, DESCRIPTION) VALUES ('CBR_MENU', NULL, 0, 'Меню');
INSERT INTO BFW_ENT (ENTITYNAME, SCHEMENAME, IS_SCHEME, DESCRIPTION) VALUES ('CBR_UI', NULL, 0, 'CaBaRe UI');
INSERT INTO BFW_ENT (ENTITYNAME, SCHEMENAME, IS_SCHEME, DESCRIPTION) VALUES ('CBR_MENU_GRP', NULL, 0, 'Группы меню');
INSERT INTO BFW_ENT (ENTITYNAME, SCHEMENAME, IS_SCHEME, DESCRIPTION) VALUES ('CBR_TBL', NULL, 0, 'Столы');
INSERT INTO BFW_ENT (ENTITYNAME, SCHEMENAME, IS_SCHEME, DESCRIPTION) VALUES ('CBR_ROOM', NULL, 0, 'Залы');
INSERT INTO BFW_ENT (ENTITYNAME, SCHEMENAME, IS_SCHEME, DESCRIPTION) VALUES ('CBR_PRICE', NULL, 0, 'Прайс');
INSERT INTO BFW_ENT (ENTITYNAME, SCHEMENAME, IS_SCHEME, DESCRIPTION) VALUES ('CBR_PRICE_TYP', NULL, 0, 'Виды цен');
INSERT INTO BFW_ENT (ENTITYNAME, SCHEMENAME, IS_SCHEME, DESCRIPTION) VALUES ('CBR_WD_VIEW', NULL, 0, 'WaiterDeskView');
INSERT INTO BFW_ENT (ENTITYNAME, SCHEMENAME, IS_SCHEME, DESCRIPTION) VALUES ('CBR_ORD_DESK', NULL, 0, 'OrderDeskView');
INSERT INTO BFW_ENT (ENTITYNAME, SCHEMENAME, IS_SCHEME, DESCRIPTION) VALUES ('CBR_KORD', NULL, 0, 'KitchenOrder');
INSERT INTO BFW_ENT (ENTITYNAME, SCHEMENAME, IS_SCHEME, DESCRIPTION) VALUES ('CBR_ORD', NULL, 0, 'Заказ');
INSERT INTO BFW_ENT (ENTITYNAME, SCHEMENAME, IS_SCHEME, DESCRIPTION) VALUES ('UTL_JRN', NULL, 0, NULL);

COMMIT WORK;

INSERT INTO BFW_ENT_FIELDS (ENTITYNAME, VIEWNAME, FIELDNAME, BAND, TITLE, VISIBLE, READONLY, EDITOR, EDITOR_OPTIONS, OPTIONS, REQ) VALUES ('BFW_IDE_UI', 'List', 'URI', NULL, NULL, 1, 0, NULL, NULL, NULL, 0);
INSERT INTO BFW_ENT_FIELDS (ENTITYNAME, VIEWNAME, FIELDNAME, BAND, TITLE, VISIBLE, READONLY, EDITOR, EDITOR_OPTIONS, OPTIONS, REQ) VALUES ('BFW_IDE_EVIEW', '-', 'SQL_SELECT', NULL, NULL, 1, 0, 'Memo', NULL, NULL, 0);
INSERT INTO BFW_ENT_FIELDS (ENTITYNAME, VIEWNAME, FIELDNAME, BAND, TITLE, VISIBLE, READONLY, EDITOR, EDITOR_OPTIONS, OPTIONS, REQ) VALUES ('BFW_IDE_EVIEW', '-', 'SQL_INSERT', NULL, NULL, 1, 0, 'MEMO', NULL, NULL, 0);
INSERT INTO BFW_ENT_FIELDS (ENTITYNAME, VIEWNAME, FIELDNAME, BAND, TITLE, VISIBLE, READONLY, EDITOR, EDITOR_OPTIONS, OPTIONS, REQ) VALUES ('BFW_IDE_EVIEW', '-', 'SQL_UPDATE', NULL, NULL, 1, 0, 'MEMO', NULL, NULL, 0);
INSERT INTO BFW_ENT_FIELDS (ENTITYNAME, VIEWNAME, FIELDNAME, BAND, TITLE, VISIBLE, READONLY, EDITOR, EDITOR_OPTIONS, OPTIONS, REQ) VALUES ('BFW_IDE_EVIEW', '-', 'SQL_REFRESH', NULL, NULL, 1, 0, 'MEMO', NULL, NULL, 0);
INSERT INTO BFW_ENT_FIELDS (ENTITYNAME, VIEWNAME, FIELDNAME, BAND, TITLE, VISIBLE, READONLY, EDITOR, EDITOR_OPTIONS, OPTIONS, REQ) VALUES ('BFW_IDE_UI', 'Item', 'URI', NULL, NULL, 1, 1, NULL, NULL, 'Style=Style.InfoBk', 0);
INSERT INTO BFW_ENT_FIELDS (ENTITYNAME, VIEWNAME, FIELDNAME, BAND, TITLE, VISIBLE, READONLY, EDITOR, EDITOR_OPTIONS, OPTIONS, REQ) VALUES ('BFW_IDE_UI', 'Item', 'ENT_SQL_SELECT', 'Entity', 'SQL Select', 1, 0, 'Memo', NULL, NULL, 0);
INSERT INTO BFW_ENT_FIELDS (ENTITYNAME, VIEWNAME, FIELDNAME, BAND, TITLE, VISIBLE, READONLY, EDITOR, EDITOR_OPTIONS, OPTIONS, REQ) VALUES ('BFW_IDE_UI', 'Item', 'ENT_SQL_UPDATE', 'Entity', 'SQL Update', 1, 0, 'Memo', NULL, NULL, 0);
INSERT INTO BFW_ENT_FIELDS (ENTITYNAME, VIEWNAME, FIELDNAME, BAND, TITLE, VISIBLE, READONLY, EDITOR, EDITOR_OPTIONS, OPTIONS, REQ) VALUES ('BFW_IDE_UI', 'New', 'ENT', NULL, 'Entity', 1, 0, 'Lookup', 'Entity=BFW_IDE_ENT;EView=Lookup', NULL, 0);
INSERT INTO BFW_ENT_FIELDS (ENTITYNAME, VIEWNAME, FIELDNAME, BAND, TITLE, VISIBLE, READONLY, EDITOR, EDITOR_OPTIONS, OPTIONS, REQ) VALUES ('BFW_IDE_UI', 'Item', 'ENT', 'Entity', NULL, 0, 0, NULL, NULL, NULL, 0);
INSERT INTO BFW_ENT_FIELDS (ENTITYNAME, VIEWNAME, FIELDNAME, BAND, TITLE, VISIBLE, READONLY, EDITOR, EDITOR_OPTIONS, OPTIONS, REQ) VALUES ('BFW_IDE_UI', 'Item', 'PKG', 'Misc', 'Package', 1, 0, NULL, NULL, NULL, 0);
INSERT INTO BFW_ENT_FIELDS (ENTITYNAME, VIEWNAME, FIELDNAME, BAND, TITLE, VISIBLE, READONLY, EDITOR, EDITOR_OPTIONS, OPTIONS, REQ) VALUES ('BFW_IDE_UI', 'Item', 'ENT_VIEW', 'Entity', NULL, 0, 0, NULL, NULL, NULL, 0);
INSERT INTO BFW_ENT_FIELDS (ENTITYNAME, VIEWNAME, FIELDNAME, BAND, TITLE, VISIBLE, READONLY, EDITOR, EDITOR_OPTIONS, OPTIONS, REQ) VALUES ('BFW_IDE_UI', 'Item', 'GRP', 'Main menu', 'Group', 1, 0, NULL, NULL, NULL, 0);
INSERT INTO BFW_ENT_FIELDS (ENTITYNAME, VIEWNAME, FIELDNAME, BAND, TITLE, VISIBLE, READONLY, EDITOR, EDITOR_OPTIONS, OPTIONS, REQ) VALUES ('BFW_IDE_UI', 'Item', 'MENUIDX', 'Main menu', 'Index', 1, 0, NULL, NULL, NULL, 0);
INSERT INTO BFW_ENT_FIELDS (ENTITYNAME, VIEWNAME, FIELDNAME, BAND, TITLE, VISIBLE, READONLY, EDITOR, EDITOR_OPTIONS, OPTIONS, REQ) VALUES ('BFW_IDE_UI', 'Item', 'ENT_SQL_INSERT', 'Entity', 'SQL Insert', 1, 0, 'Memo', NULL, NULL, 0);
INSERT INTO BFW_ENT_FIELDS (ENTITYNAME, VIEWNAME, FIELDNAME, BAND, TITLE, VISIBLE, READONLY, EDITOR, EDITOR_OPTIONS, OPTIONS, REQ) VALUES ('BFW_IDE_UI', 'Item', 'ENT_SQL_DELETE', 'Entity', 'SQL Delete', 1, 0, 'Memo', NULL, NULL, 0);
INSERT INTO BFW_ENT_FIELDS (ENTITYNAME, VIEWNAME, FIELDNAME, BAND, TITLE, VISIBLE, READONLY, EDITOR, EDITOR_OPTIONS, OPTIONS, REQ) VALUES ('BFW_IDE_UI', 'Item', 'ENT_SQL_REFRESH', 'Entity', 'SQL Refresh', 1, 0, 'Memo', NULL, NULL, 0);
INSERT INTO BFW_ENT_FIELDS (ENTITYNAME, VIEWNAME, FIELDNAME, BAND, TITLE, VISIBLE, READONLY, EDITOR, EDITOR_OPTIONS, OPTIONS, REQ) VALUES ('BFW_IDE_UI', 'Item', 'ENT_SQL_INSERTDEF', 'Entity', 'SQL InsertDef', 1, 0, 'Memo', NULL, NULL, 0);
INSERT INTO BFW_ENT_FIELDS (ENTITYNAME, VIEWNAME, FIELDNAME, BAND, TITLE, VISIBLE, READONLY, EDITOR, EDITOR_OPTIONS, OPTIONS, REQ) VALUES ('BFW_IDE_UI', 'Item', 'USEPERM', 'Misc', 'Use permission', 1, 0, 'CheckBox', NULL, NULL, 0);
INSERT INTO BFW_ENT_FIELDS (ENTITYNAME, VIEWNAME, FIELDNAME, BAND, TITLE, VISIBLE, READONLY, EDITOR, EDITOR_OPTIONS, OPTIONS, REQ) VALUES ('BFW_IDE_UI', 'Item', 'PARAMS', 'IN OUT', 'Input params', 1, 0, NULL, NULL, NULL, 0);
INSERT INTO BFW_ENT_FIELDS (ENTITYNAME, VIEWNAME, FIELDNAME, BAND, TITLE, VISIBLE, READONLY, EDITOR, EDITOR_OPTIONS, OPTIONS, REQ) VALUES ('BFW_IDE_UI', 'Item', 'OUTS', 'IN OUT', 'Output params', 1, 0, NULL, NULL, NULL, 0);
INSERT INTO BFW_ENT_FIELDS (ENTITYNAME, VIEWNAME, FIELDNAME, BAND, TITLE, VISIBLE, READONLY, EDITOR, EDITOR_OPTIONS, OPTIONS, REQ) VALUES ('BFW_IDE_UI', 'Item', 'ENT_EVIEW', 'Entity', 'EntityView', 1, 0, NULL, NULL, NULL, 0);
INSERT INTO BFW_ENT_FIELDS (ENTITYNAME, VIEWNAME, FIELDNAME, BAND, TITLE, VISIBLE, READONLY, EDITOR, EDITOR_OPTIONS, OPTIONS, REQ) VALUES ('BFW_IDE_UI', 'Item', 'CLS', NULL, 'Class', 1, 1, NULL, NULL, 'Style=Style.Bold', 0);
INSERT INTO BFW_ENT_FIELDS (ENTITYNAME, VIEWNAME, FIELDNAME, BAND, TITLE, VISIBLE, READONLY, EDITOR, EDITOR_OPTIONS, OPTIONS, REQ) VALUES ('BFW_IDE_UI', 'Item', 'TITLE', NULL, 'Title', 1, 0, NULL, NULL, NULL, 0);
INSERT INTO BFW_ENT_FIELDS (ENTITYNAME, VIEWNAME, FIELDNAME, BAND, TITLE, VISIBLE, READONLY, EDITOR, EDITOR_OPTIONS, OPTIONS, REQ) VALUES ('BFW_IDE_UI', 'Item', 'OPTIONS', NULL, 'Options', 1, 0, NULL, NULL, NULL, 0);
INSERT INTO BFW_ENT_FIELDS (ENTITYNAME, VIEWNAME, FIELDNAME, BAND, TITLE, VISIBLE, READONLY, EDITOR, EDITOR_OPTIONS, OPTIONS, REQ) VALUES ('BFW_IDE_UI', 'New', 'CLS', NULL, 'Class', 1, 0, 'Lookup', 'Entity=BFW_IDE_UI_CLS;EView=Lookup', NULL, 0);
INSERT INTO BFW_ENT_FIELDS (ENTITYNAME, VIEWNAME, FIELDNAME, BAND, TITLE, VISIBLE, READONLY, EDITOR, EDITOR_OPTIONS, OPTIONS, REQ) VALUES ('BFW_IDE_UI', 'Item', 'ENT_VIEW_PKEY', 'Entity', 'Primary Keys', 1, 0, NULL, NULL, NULL, 0);
INSERT INTO BFW_ENT_FIELDS (ENTITYNAME, VIEWNAME, FIELDNAME, BAND, TITLE, VISIBLE, READONLY, EDITOR, EDITOR_OPTIONS, OPTIONS, REQ) VALUES ('BFW_IDE_UI', 'Item', 'ENT_VIEW_READONLY', 'Entity', 'ReadOnly', 1, 0, 'CheckBox', NULL, NULL, 0);
INSERT INTO BFW_ENT_FIELDS (ENTITYNAME, VIEWNAME, FIELDNAME, BAND, TITLE, VISIBLE, READONLY, EDITOR, EDITOR_OPTIONS, OPTIONS, REQ) VALUES ('BFW_IDE_UI', 'New', 'URI', NULL, NULL, 1, 0, NULL, NULL, NULL, 0);
INSERT INTO BFW_ENT_FIELDS (ENTITYNAME, VIEWNAME, FIELDNAME, BAND, TITLE, VISIBLE, READONLY, EDITOR, EDITOR_OPTIONS, OPTIONS, REQ) VALUES ('BFW_IDE_UI_CLS', '-', 'IMG', NULL, 'UI View', 1, 0, 'Image', NULL, NULL, 0);
INSERT INTO BFW_ENT_FIELDS (ENTITYNAME, VIEWNAME, FIELDNAME, BAND, TITLE, VISIBLE, READONLY, EDITOR, EDITOR_OPTIONS, OPTIONS, REQ) VALUES ('BFW_IDE_UI_CLS', '-', 'CLS', NULL, 'Class', 1, 0, NULL, NULL, NULL, 0);
INSERT INTO BFW_ENT_FIELDS (ENTITYNAME, VIEWNAME, FIELDNAME, BAND, TITLE, VISIBLE, READONLY, EDITOR, EDITOR_OPTIONS, OPTIONS, REQ) VALUES ('BFW_IDE_UI_FIELDS', 'Item', 'READONLY', NULL, 'ReadOnly', 1, 0, 'CheckBox', NULL, NULL, 0);
INSERT INTO BFW_ENT_FIELDS (ENTITYNAME, VIEWNAME, FIELDNAME, BAND, TITLE, VISIBLE, READONLY, EDITOR, EDITOR_OPTIONS, OPTIONS, REQ) VALUES ('BFW_IDE_UI_FIELDS', 'Item', 'VISIBLE', '', 'Visible', 1, 0, 'CheckBox', 'AllowGrayed', NULL, 0);
INSERT INTO BFW_ENT_FIELDS (ENTITYNAME, VIEWNAME, FIELDNAME, BAND, TITLE, VISIBLE, READONLY, EDITOR, EDITOR_OPTIONS, OPTIONS, REQ) VALUES ('BFW_IDE_UI_FIELDS', 'Item', 'REQ', NULL, 'Required', 1, 0, 'CheckBox', NULL, NULL, 0);
INSERT INTO BFW_ENT_FIELDS (ENTITYNAME, VIEWNAME, FIELDNAME, BAND, TITLE, VISIBLE, READONLY, EDITOR, EDITOR_OPTIONS, OPTIONS, REQ) VALUES ('BFW_IDE_UI_FIELDS', 'New', 'ENTITYNAME', NULL, 'Entity', 1, 1, NULL, NULL, NULL, 0);
INSERT INTO BFW_ENT_FIELDS (ENTITYNAME, VIEWNAME, FIELDNAME, BAND, TITLE, VISIBLE, READONLY, EDITOR, EDITOR_OPTIONS, OPTIONS, REQ) VALUES ('BFW_IDE_UI_FIELDS', 'New', 'VIEWNAME', NULL, 'EntityView', 1, 1, NULL, NULL, NULL, 0);
INSERT INTO BFW_ENT_FIELDS (ENTITYNAME, VIEWNAME, FIELDNAME, BAND, TITLE, VISIBLE, READONLY, EDITOR, EDITOR_OPTIONS, OPTIONS, REQ) VALUES ('BFW_IDE_UI_FIELDS', 'New', 'FIELDNAME', NULL, 'FieldName', 1, 0, NULL, NULL, NULL, 0);
INSERT INTO BFW_ENT_FIELDS (ENTITYNAME, VIEWNAME, FIELDNAME, BAND, TITLE, VISIBLE, READONLY, EDITOR, EDITOR_OPTIONS, OPTIONS, REQ) VALUES ('BFW_IDE_UI_FIELDS', 'New', 'BAND', NULL, 'Band', 1, 0, NULL, NULL, NULL, 0);
INSERT INTO BFW_ENT_FIELDS (ENTITYNAME, VIEWNAME, FIELDNAME, BAND, TITLE, VISIBLE, READONLY, EDITOR, EDITOR_OPTIONS, OPTIONS, REQ) VALUES ('BFW_IDE_UI_FIELDS', 'New', 'TITLE', NULL, 'Title', 1, 0, NULL, NULL, NULL, 0);
INSERT INTO BFW_ENT_FIELDS (ENTITYNAME, VIEWNAME, FIELDNAME, BAND, TITLE, VISIBLE, READONLY, EDITOR, EDITOR_OPTIONS, OPTIONS, REQ) VALUES ('BFW_IDE_UI_FIELDS', 'New', 'VISIBLE', NULL, 'Visible', 1, 0, 'CheckBox', NULL, NULL, 0);
INSERT INTO BFW_ENT_FIELDS (ENTITYNAME, VIEWNAME, FIELDNAME, BAND, TITLE, VISIBLE, READONLY, EDITOR, EDITOR_OPTIONS, OPTIONS, REQ) VALUES ('BFW_IDE_UI_FIELDS', 'New', 'READONLY', NULL, 'ReadOnly', 1, 0, 'CheckBox', NULL, NULL, 0);
INSERT INTO BFW_ENT_FIELDS (ENTITYNAME, VIEWNAME, FIELDNAME, BAND, TITLE, VISIBLE, READONLY, EDITOR, EDITOR_OPTIONS, OPTIONS, REQ) VALUES ('BFW_IDE_UI_FIELDS', 'New', 'EDITOR', NULL, 'Editor', 1, 0, '', NULL, NULL, 0);
INSERT INTO BFW_ENT_FIELDS (ENTITYNAME, VIEWNAME, FIELDNAME, BAND, TITLE, VISIBLE, READONLY, EDITOR, EDITOR_OPTIONS, OPTIONS, REQ) VALUES ('BFW_IDE_UI_FIELDS', 'New', 'EDITOR_OPTIONS', NULL, 'EditorOptions', 1, 0, NULL, NULL, NULL, 0);
INSERT INTO BFW_ENT_FIELDS (ENTITYNAME, VIEWNAME, FIELDNAME, BAND, TITLE, VISIBLE, READONLY, EDITOR, EDITOR_OPTIONS, OPTIONS, REQ) VALUES ('BFW_IDE_UI_FIELDS', 'New', 'OPTIONS', NULL, 'Options', 1, 0, NULL, NULL, NULL, 0);
INSERT INTO BFW_ENT_FIELDS (ENTITYNAME, VIEWNAME, FIELDNAME, BAND, TITLE, VISIBLE, READONLY, EDITOR, EDITOR_OPTIONS, OPTIONS, REQ) VALUES ('BFW_IDE_UI_FIELDS', 'New', 'REQ', NULL, 'Required', 1, 0, 'CheckBox', NULL, NULL, 0);
INSERT INTO BFW_ENT_FIELDS (ENTITYNAME, VIEWNAME, FIELDNAME, BAND, TITLE, VISIBLE, READONLY, EDITOR, EDITOR_OPTIONS, OPTIONS, REQ) VALUES ('BFW_IDE_UI_FIELDS', 'Item', 'ENTITYNAME', NULL, 'Entity', 1, 1, NULL, NULL, NULL, 0);
INSERT INTO BFW_ENT_FIELDS (ENTITYNAME, VIEWNAME, FIELDNAME, BAND, TITLE, VISIBLE, READONLY, EDITOR, EDITOR_OPTIONS, OPTIONS, REQ) VALUES ('BFW_IDE_UI_FIELDS', 'Item', 'VIEWNAME', NULL, 'EntityView', 1, 1, NULL, NULL, NULL, 0);
INSERT INTO BFW_ENT_FIELDS (ENTITYNAME, VIEWNAME, FIELDNAME, BAND, TITLE, VISIBLE, READONLY, EDITOR, EDITOR_OPTIONS, OPTIONS, REQ) VALUES ('BFW_IDE_UI_FIELDS', 'Item', 'FIELDNAME', NULL, 'FieldName', 1, 0, NULL, NULL, NULL, 0);
INSERT INTO BFW_ENT_FIELDS (ENTITYNAME, VIEWNAME, FIELDNAME, BAND, TITLE, VISIBLE, READONLY, EDITOR, EDITOR_OPTIONS, OPTIONS, REQ) VALUES ('BFW_IDE_UI_FIELDS', 'Item', 'BAND', NULL, 'Band', 1, 0, NULL, NULL, NULL, 0);
INSERT INTO BFW_ENT_FIELDS (ENTITYNAME, VIEWNAME, FIELDNAME, BAND, TITLE, VISIBLE, READONLY, EDITOR, EDITOR_OPTIONS, OPTIONS, REQ) VALUES ('BFW_IDE_UI_FIELDS', 'Item', 'TITLE', NULL, 'Title', 1, 0, NULL, NULL, NULL, 0);
INSERT INTO BFW_ENT_FIELDS (ENTITYNAME, VIEWNAME, FIELDNAME, BAND, TITLE, VISIBLE, READONLY, EDITOR, EDITOR_OPTIONS, OPTIONS, REQ) VALUES ('BFW_IDE_UI_FIELDS', 'Item', 'EDITOR', NULL, 'Editor', 1, 0, '', NULL, NULL, 0);
INSERT INTO BFW_ENT_FIELDS (ENTITYNAME, VIEWNAME, FIELDNAME, BAND, TITLE, VISIBLE, READONLY, EDITOR, EDITOR_OPTIONS, OPTIONS, REQ) VALUES ('BFW_IDE_UI_FIELDS', 'Item', 'EDITOR_OPTIONS', NULL, 'EditorOptions', 1, 0, NULL, NULL, NULL, 0);
INSERT INTO BFW_ENT_FIELDS (ENTITYNAME, VIEWNAME, FIELDNAME, BAND, TITLE, VISIBLE, READONLY, EDITOR, EDITOR_OPTIONS, OPTIONS, REQ) VALUES ('BFW_IDE_UI_FIELDS', 'Item', 'OPTIONS', NULL, 'Options', 1, 0, NULL, NULL, NULL, 0);
INSERT INTO BFW_ENT_FIELDS (ENTITYNAME, VIEWNAME, FIELDNAME, BAND, TITLE, VISIBLE, READONLY, EDITOR, EDITOR_OPTIONS, OPTIONS, REQ) VALUES ('BFW_IDE', 'Packages', 'ID', NULL, NULL, -1, 0, NULL, NULL, NULL, 0);
INSERT INTO BFW_ENT_FIELDS (ENTITYNAME, VIEWNAME, FIELDNAME, BAND, TITLE, VISIBLE, READONLY, EDITOR, EDITOR_OPTIONS, OPTIONS, REQ) VALUES ('-', '-', 'ID', NULL, 'Код', 0, 1, NULL, NULL, NULL, 0);
INSERT INTO BFW_ENT_FIELDS (ENTITYNAME, VIEWNAME, FIELDNAME, BAND, TITLE, VISIBLE, READONLY, EDITOR, EDITOR_OPTIONS, OPTIONS, REQ) VALUES ('CBR_MENU', 'New', 'NAME', NULL, 'Название блюда', 1, 0, NULL, NULL, NULL, 1);
INSERT INTO BFW_ENT_FIELDS (ENTITYNAME, VIEWNAME, FIELDNAME, BAND, TITLE, VISIBLE, READONLY, EDITOR, EDITOR_OPTIONS, OPTIONS, REQ) VALUES ('CBR_MENU', 'List', 'NAME', NULL, 'Блюдо', 1, 0, NULL, NULL, NULL, 0);
INSERT INTO BFW_ENT_FIELDS (ENTITYNAME, VIEWNAME, FIELDNAME, BAND, TITLE, VISIBLE, READONLY, EDITOR, EDITOR_OPTIONS, OPTIONS, REQ) VALUES ('-', '-', 'STATE_ID', NULL, 'Статус', 1, 0, NULL, NULL, NULL, 0);
INSERT INTO BFW_ENT_FIELDS (ENTITYNAME, VIEWNAME, FIELDNAME, BAND, TITLE, VISIBLE, READONLY, EDITOR, EDITOR_OPTIONS, OPTIONS, REQ) VALUES ('-', '-', 'STATE', NULL, 'Статус', 1, 0, NULL, NULL, NULL, 0);
INSERT INTO BFW_ENT_FIELDS (ENTITYNAME, VIEWNAME, FIELDNAME, BAND, TITLE, VISIBLE, READONLY, EDITOR, EDITOR_OPTIONS, OPTIONS, REQ) VALUES ('CBR_MENU', 'New', 'STATE_ID', NULL, 'Статус', 1, 0, 'Lookup', 'Entity=CBR_MENU;EView=Lookup', '', 0);
INSERT INTO BFW_ENT_FIELDS (ENTITYNAME, VIEWNAME, FIELDNAME, BAND, TITLE, VISIBLE, READONLY, EDITOR, EDITOR_OPTIONS, OPTIONS, REQ) VALUES ('CBR_MENU', 'Item', 'NAME', NULL, 'Название блюда', 1, 0, NULL, NULL, NULL, 1);
INSERT INTO BFW_ENT_FIELDS (ENTITYNAME, VIEWNAME, FIELDNAME, BAND, TITLE, VISIBLE, READONLY, EDITOR, EDITOR_OPTIONS, OPTIONS, REQ) VALUES ('CBR_MENU', 'Item', 'STATE_ID', NULL, 'Статус', 1, 0, 'Lookup', 'Entity=CBR_MENU;EView=States', NULL, 0);
INSERT INTO BFW_ENT_FIELDS (ENTITYNAME, VIEWNAME, FIELDNAME, BAND, TITLE, VISIBLE, READONLY, EDITOR, EDITOR_OPTIONS, OPTIONS, REQ) VALUES ('-', '-', 'NAME', NULL, 'Наименование', 1, 0, NULL, NULL, NULL, 0);
INSERT INTO BFW_ENT_FIELDS (ENTITYNAME, VIEWNAME, FIELDNAME, BAND, TITLE, VISIBLE, READONLY, EDITOR, EDITOR_OPTIONS, OPTIONS, REQ) VALUES ('CBR_MENU', 'New', 'GRP_ID', NULL, 'Группа', 1, 0, 'Lookup', 'Entity=CBR_MENU_GRP;EView=Lookup', NULL, 1);
INSERT INTO BFW_ENT_FIELDS (ENTITYNAME, VIEWNAME, FIELDNAME, BAND, TITLE, VISIBLE, READONLY, EDITOR, EDITOR_OPTIONS, OPTIONS, REQ) VALUES ('CBR_MENU', 'Item', 'GRP_ID', NULL, 'Группа', 1, 0, 'Lookup', 'Entity=CBR_MENU_GRP;EView=Lookup', NULL, 1);
INSERT INTO BFW_ENT_FIELDS (ENTITYNAME, VIEWNAME, FIELDNAME, BAND, TITLE, VISIBLE, READONLY, EDITOR, EDITOR_OPTIONS, OPTIONS, REQ) VALUES ('CBR_MENU', 'List', 'GRP', NULL, 'Группа', 1, 0, NULL, NULL, NULL, 0);
INSERT INTO BFW_ENT_FIELDS (ENTITYNAME, VIEWNAME, FIELDNAME, BAND, TITLE, VISIBLE, READONLY, EDITOR, EDITOR_OPTIONS, OPTIONS, REQ) VALUES ('CBR_PRICE', 'List', 'MENU_ID', NULL, 'Код', 0, 1, NULL, NULL, NULL, 0);
INSERT INTO BFW_ENT_FIELDS (ENTITYNAME, VIEWNAME, FIELDNAME, BAND, TITLE, VISIBLE, READONLY, EDITOR, EDITOR_OPTIONS, OPTIONS, REQ) VALUES ('CBR_PRICE', 'List', 'DAT', NULL, NULL, -1, 0, NULL, NULL, NULL, 0);
INSERT INTO BFW_ENT_FIELDS (ENTITYNAME, VIEWNAME, FIELDNAME, BAND, TITLE, VISIBLE, READONLY, EDITOR, EDITOR_OPTIONS, OPTIONS, REQ) VALUES ('CBR_PRICE', 'List', 'TYP_ID', NULL, NULL, -1, 0, NULL, NULL, NULL, 0);
INSERT INTO BFW_ENT_FIELDS (ENTITYNAME, VIEWNAME, FIELDNAME, BAND, TITLE, VISIBLE, READONLY, EDITOR, EDITOR_OPTIONS, OPTIONS, REQ) VALUES ('CBR_PRICE', 'List', 'DISH', NULL, 'Блюдо', 1, 1, NULL, NULL, NULL, 0);
INSERT INTO BFW_ENT_FIELDS (ENTITYNAME, VIEWNAME, FIELDNAME, BAND, TITLE, VISIBLE, READONLY, EDITOR, EDITOR_OPTIONS, OPTIONS, REQ) VALUES ('CBR_PRICE', 'List', 'UNT', NULL, 'Порция', 1, 1, NULL, NULL, NULL, 0);
INSERT INTO BFW_ENT_FIELDS (ENTITYNAME, VIEWNAME, FIELDNAME, BAND, TITLE, VISIBLE, READONLY, EDITOR, EDITOR_OPTIONS, OPTIONS, REQ) VALUES ('CBR_PRICE', 'List', 'PRICE', NULL, 'Цена', 1, 1, NULL, NULL, NULL, 0);
INSERT INTO BFW_ENT_FIELDS (ENTITYNAME, VIEWNAME, FIELDNAME, BAND, TITLE, VISIBLE, READONLY, EDITOR, EDITOR_OPTIONS, OPTIONS, REQ) VALUES ('CBR_PRICE', 'List', 'PRICE_NEW', NULL, 'Новая цена', 1, 0, NULL, NULL, NULL, 0);
INSERT INTO BFW_ENT_FIELDS (ENTITYNAME, VIEWNAME, FIELDNAME, BAND, TITLE, VISIBLE, READONLY, EDITOR, EDITOR_OPTIONS, OPTIONS, REQ) VALUES ('CBR_ORD_DESK', 'Items', 'ID', NULL, NULL, -1, 0, NULL, NULL, NULL, 0);
INSERT INTO BFW_ENT_FIELDS (ENTITYNAME, VIEWNAME, FIELDNAME, BAND, TITLE, VISIBLE, READONLY, EDITOR, EDITOR_OPTIONS, OPTIONS, REQ) VALUES ('CBR_ORD_DESK', 'Items', 'PARENT_ID', NULL, NULL, -1, 0, NULL, NULL, NULL, 0);
INSERT INTO BFW_ENT_FIELDS (ENTITYNAME, VIEWNAME, FIELDNAME, BAND, TITLE, VISIBLE, READONLY, EDITOR, EDITOR_OPTIONS, OPTIONS, REQ) VALUES ('CBR_MENU_GRP', 'Item', 'IS_ADDON', NULL, 'Модификаторы?', 1, 0, 'CheckBox', NULL, NULL, 0);
INSERT INTO BFW_ENT_FIELDS (ENTITYNAME, VIEWNAME, FIELDNAME, BAND, TITLE, VISIBLE, READONLY, EDITOR, EDITOR_OPTIONS, OPTIONS, REQ) VALUES ('CBR_MENU_GRP', 'New', 'IS_ADDON', NULL, 'Модификаторы?', 1, 0, 'CheckBox', NULL, NULL, 0);
INSERT INTO BFW_ENT_FIELDS (ENTITYNAME, VIEWNAME, FIELDNAME, BAND, TITLE, VISIBLE, READONLY, EDITOR, EDITOR_OPTIONS, OPTIONS, REQ) VALUES ('CBR_TBL', 'List', 'ROOM', NULL, 'Зал', 1, 0, NULL, NULL, NULL, 0);
INSERT INTO BFW_ENT_FIELDS (ENTITYNAME, VIEWNAME, FIELDNAME, BAND, TITLE, VISIBLE, READONLY, EDITOR, EDITOR_OPTIONS, OPTIONS, REQ) VALUES ('CBR_TBL', 'New', 'ROOM_ID', NULL, 'Зал', 1, 0, 'Lookup', 'Entity=CBR_ROOM;EView=Lookup', NULL, 1);
INSERT INTO BFW_ENT_FIELDS (ENTITYNAME, VIEWNAME, FIELDNAME, BAND, TITLE, VISIBLE, READONLY, EDITOR, EDITOR_OPTIONS, OPTIONS, REQ) VALUES ('CBR_PRICE', 'List', 'GRP', NULL, 'Группа', 1, 1, NULL, NULL, NULL, 0);
INSERT INTO BFW_ENT_FIELDS (ENTITYNAME, VIEWNAME, FIELDNAME, BAND, TITLE, VISIBLE, READONLY, EDITOR, EDITOR_OPTIONS, OPTIONS, REQ) VALUES ('CBR_TBL', 'Item', 'ROOM_ID', NULL, 'Зал', 1, 0, 'Lookup', 'Entity=CBR_ROOM;EView=Lookup', NULL, 1);
INSERT INTO BFW_ENT_FIELDS (ENTITYNAME, VIEWNAME, FIELDNAME, BAND, TITLE, VISIBLE, READONLY, EDITOR, EDITOR_OPTIONS, OPTIONS, REQ) VALUES ('CBR_TBL', 'Item', 'STATE_ID', NULL, 'Статус', 1, 0, 'Lookup', 'Entity=CBR_TBL;EView=States', NULL, 0);
INSERT INTO BFW_ENT_FIELDS (ENTITYNAME, VIEWNAME, FIELDNAME, BAND, TITLE, VISIBLE, READONLY, EDITOR, EDITOR_OPTIONS, OPTIONS, REQ) VALUES ('CBR_MENU_GRP', 'List', 'IDX', NULL, 'Порядок', 1, 0, NULL, NULL, NULL, 0);
INSERT INTO BFW_ENT_FIELDS (ENTITYNAME, VIEWNAME, FIELDNAME, BAND, TITLE, VISIBLE, READONLY, EDITOR, EDITOR_OPTIONS, OPTIONS, REQ) VALUES ('CBR_PRICE', 'Selector', 'DAT', NULL, 'Дата', 1, 0, NULL, NULL, NULL, 0);
INSERT INTO BFW_ENT_FIELDS (ENTITYNAME, VIEWNAME, FIELDNAME, BAND, TITLE, VISIBLE, READONLY, EDITOR, EDITOR_OPTIONS, OPTIONS, REQ) VALUES ('CBR_PRICE', 'Selector', 'TYP_ID', NULL, 'Тип цен', 1, 0, 'Lookup', 'Entity=CBR_PRICE_TYP;EView=Lookup', NULL, 0);
INSERT INTO BFW_ENT_FIELDS (ENTITYNAME, VIEWNAME, FIELDNAME, BAND, TITLE, VISIBLE, READONLY, EDITOR, EDITOR_OPTIONS, OPTIONS, REQ) VALUES ('CBR_ORD', 'Head', 'ID', NULL, '№', 1, 0, NULL, NULL, NULL, 0);
INSERT INTO BFW_ENT_FIELDS (ENTITYNAME, VIEWNAME, FIELDNAME, BAND, TITLE, VISIBLE, READONLY, EDITOR, EDITOR_OPTIONS, OPTIONS, REQ) VALUES ('CBR_ORD', 'Head', 'DAT', NULL, 'Дата', 1, 0, NULL, NULL, NULL, 0);
INSERT INTO BFW_ENT_FIELDS (ENTITYNAME, VIEWNAME, FIELDNAME, BAND, TITLE, VISIBLE, READONLY, EDITOR, EDITOR_OPTIONS, OPTIONS, REQ) VALUES ('CBR_ORD', 'Head', 'ROOM', NULL, 'Зал', 1, 0, NULL, NULL, NULL, 0);
INSERT INTO BFW_ENT_FIELDS (ENTITYNAME, VIEWNAME, FIELDNAME, BAND, TITLE, VISIBLE, READONLY, EDITOR, EDITOR_OPTIONS, OPTIONS, REQ) VALUES ('CBR_ORD', 'Head', 'TBL', NULL, 'Стол', 1, 0, NULL, NULL, NULL, 0);
INSERT INTO BFW_ENT_FIELDS (ENTITYNAME, VIEWNAME, FIELDNAME, BAND, TITLE, VISIBLE, READONLY, EDITOR, EDITOR_OPTIONS, OPTIONS, REQ) VALUES ('BFW_IDE', 'Packages', 'NAME', NULL, 'Packages', 1, 0, NULL, NULL, NULL, 0);
INSERT INTO BFW_ENT_FIELDS (ENTITYNAME, VIEWNAME, FIELDNAME, BAND, TITLE, VISIBLE, READONLY, EDITOR, EDITOR_OPTIONS, OPTIONS, REQ) VALUES ('BFW_IDE_UI', 'List', 'CLS', NULL, 'Class', 1, 0, NULL, NULL, NULL, 0);
INSERT INTO BFW_ENT_FIELDS (ENTITYNAME, VIEWNAME, FIELDNAME, BAND, TITLE, VISIBLE, READONLY, EDITOR, EDITOR_OPTIONS, OPTIONS, REQ) VALUES ('BFW_IDE_UI', 'List', 'GRP', NULL, 'Menu group', 1, 0, NULL, NULL, NULL, 0);
INSERT INTO BFW_ENT_FIELDS (ENTITYNAME, VIEWNAME, FIELDNAME, BAND, TITLE, VISIBLE, READONLY, EDITOR, EDITOR_OPTIONS, OPTIONS, REQ) VALUES ('BFW_IDE_UI', 'List', 'MENUIDX', NULL, 'Menu index', 1, 0, NULL, NULL, NULL, 0);
INSERT INTO BFW_ENT_FIELDS (ENTITYNAME, VIEWNAME, FIELDNAME, BAND, TITLE, VISIBLE, READONLY, EDITOR, EDITOR_OPTIONS, OPTIONS, REQ) VALUES ('BFW_IDE_UI', 'List', 'TITLE', NULL, 'Title', 1, 0, NULL, NULL, NULL, 0);
INSERT INTO BFW_ENT_FIELDS (ENTITYNAME, VIEWNAME, FIELDNAME, BAND, TITLE, VISIBLE, READONLY, EDITOR, EDITOR_OPTIONS, OPTIONS, REQ) VALUES ('BFW_IDE_UI', 'List', 'PKG', NULL, NULL, 0, 0, NULL, NULL, NULL, 0);
INSERT INTO BFW_ENT_FIELDS (ENTITYNAME, VIEWNAME, FIELDNAME, BAND, TITLE, VISIBLE, READONLY, EDITOR, EDITOR_OPTIONS, OPTIONS, REQ) VALUES ('BFW_IDE_UI', 'List', 'ENTITYNAME', NULL, 'Entity', 1, 0, NULL, NULL, NULL, 0);
INSERT INTO BFW_ENT_FIELDS (ENTITYNAME, VIEWNAME, FIELDNAME, BAND, TITLE, VISIBLE, READONLY, EDITOR, EDITOR_OPTIONS, OPTIONS, REQ) VALUES ('BFW_IDE_UI', 'List', 'VIEWNAME', NULL, 'Entity View', 1, 0, NULL, NULL, NULL, 0);
INSERT INTO BFW_ENT_FIELDS (ENTITYNAME, VIEWNAME, FIELDNAME, BAND, TITLE, VISIBLE, READONLY, EDITOR, EDITOR_OPTIONS, OPTIONS, REQ) VALUES ('BFW_IDE_UI', 'List', 'OPTIONS', NULL, 'Options', 1, 0, NULL, NULL, NULL, 0);
INSERT INTO BFW_ENT_FIELDS (ENTITYNAME, VIEWNAME, FIELDNAME, BAND, TITLE, VISIBLE, READONLY, EDITOR, EDITOR_OPTIONS, OPTIONS, REQ) VALUES ('BFW_IDE_UI', 'List', 'PARAMS', NULL, 'Params', 1, 0, NULL, NULL, NULL, 0);
INSERT INTO BFW_ENT_FIELDS (ENTITYNAME, VIEWNAME, FIELDNAME, BAND, TITLE, VISIBLE, READONLY, EDITOR, EDITOR_OPTIONS, OPTIONS, REQ) VALUES ('BFW_IDE_UI', 'List', 'OUTS', NULL, 'Outs', 0, 0, NULL, NULL, NULL, 0);
INSERT INTO BFW_ENT_FIELDS (ENTITYNAME, VIEWNAME, FIELDNAME, BAND, TITLE, VISIBLE, READONLY, EDITOR, EDITOR_OPTIONS, OPTIONS, REQ) VALUES ('BFW_IDE_UI', 'List', 'USEPERM', NULL, 'Use permission', 1, 0, 'CheckBox', NULL, NULL, 0);
INSERT INTO BFW_ENT_FIELDS (ENTITYNAME, VIEWNAME, FIELDNAME, BAND, TITLE, VISIBLE, READONLY, EDITOR, EDITOR_OPTIONS, OPTIONS, REQ) VALUES ('BFW_IDE_UI', 'New', 'ENT_VIEW', NULL, 'Entity View', 1, 0, NULL, NULL, NULL, 0);
INSERT INTO BFW_ENT_FIELDS (ENTITYNAME, VIEWNAME, FIELDNAME, BAND, TITLE, VISIBLE, READONLY, EDITOR, EDITOR_OPTIONS, OPTIONS, REQ) VALUES ('BFW_IDE_UI', 'New', 'PKG', NULL, 'Package', 1, 0, NULL, NULL, NULL, 0);
INSERT INTO BFW_ENT_FIELDS (ENTITYNAME, VIEWNAME, FIELDNAME, BAND, TITLE, VISIBLE, READONLY, EDITOR, EDITOR_OPTIONS, OPTIONS, REQ) VALUES ('BFW_IDE_UI', 'New', 'TITLE', NULL, 'Title', 1, 0, NULL, NULL, NULL, 0);
INSERT INTO BFW_ENT_FIELDS (ENTITYNAME, VIEWNAME, FIELDNAME, BAND, TITLE, VISIBLE, READONLY, EDITOR, EDITOR_OPTIONS, OPTIONS, REQ) VALUES ('BFW_IDE_UI', 'Item', 'ENT_SQL_TITLE', 'Entity', 'SQL Title', 1, 0, NULL, NULL, NULL, 0);
INSERT INTO BFW_ENT_FIELDS (ENTITYNAME, VIEWNAME, FIELDNAME, BAND, TITLE, VISIBLE, READONLY, EDITOR, EDITOR_OPTIONS, OPTIONS, REQ) VALUES ('CBR_ORD', 'Selector', 'DAT1', NULL, 'С даты', 1, 0, NULL, NULL, NULL, 0);
INSERT INTO BFW_ENT_FIELDS (ENTITYNAME, VIEWNAME, FIELDNAME, BAND, TITLE, VISIBLE, READONLY, EDITOR, EDITOR_OPTIONS, OPTIONS, REQ) VALUES ('CBR_ORD', 'Selector', 'DAT2', NULL, 'По дату', 1, 0, NULL, NULL, NULL, 0);
INSERT INTO BFW_ENT_FIELDS (ENTITYNAME, VIEWNAME, FIELDNAME, BAND, TITLE, VISIBLE, READONLY, EDITOR, EDITOR_OPTIONS, OPTIONS, REQ) VALUES ('CBR_ORD', 'Selector', 'INFO', NULL, NULL, 0, 0, NULL, NULL, NULL, 0);
INSERT INTO BFW_ENT_FIELDS (ENTITYNAME, VIEWNAME, FIELDNAME, BAND, TITLE, VISIBLE, READONLY, EDITOR, EDITOR_OPTIONS, OPTIONS, REQ) VALUES ('CBR_ORD', 'List', 'DAT', NULL, 'Дата', 1, 0, NULL, NULL, NULL, 0);
INSERT INTO BFW_ENT_FIELDS (ENTITYNAME, VIEWNAME, FIELDNAME, BAND, TITLE, VISIBLE, READONLY, EDITOR, EDITOR_OPTIONS, OPTIONS, REQ) VALUES ('CBR_ORD', 'List', 'ROOM', NULL, 'Зал', 1, 0, NULL, NULL, NULL, 0);
INSERT INTO BFW_ENT_FIELDS (ENTITYNAME, VIEWNAME, FIELDNAME, BAND, TITLE, VISIBLE, READONLY, EDITOR, EDITOR_OPTIONS, OPTIONS, REQ) VALUES ('CBR_ORD', 'List', 'TBL', NULL, 'Стол', 1, 0, NULL, NULL, NULL, 0);
INSERT INTO BFW_ENT_FIELDS (ENTITYNAME, VIEWNAME, FIELDNAME, BAND, TITLE, VISIBLE, READONLY, EDITOR, EDITOR_OPTIONS, OPTIONS, REQ) VALUES ('CBR_ORD', 'List', 'IDAT', NULL, 'Время открытия', 1, 0, NULL, NULL, NULL, 0);
INSERT INTO BFW_ENT_FIELDS (ENTITYNAME, VIEWNAME, FIELDNAME, BAND, TITLE, VISIBLE, READONLY, EDITOR, EDITOR_OPTIONS, OPTIONS, REQ) VALUES ('CBR_ORD', 'List', 'SUMM', '', 'Сумма, грн', 1, 0, NULL, NULL, NULL, 0);
INSERT INTO BFW_ENT_FIELDS (ENTITYNAME, VIEWNAME, FIELDNAME, BAND, TITLE, VISIBLE, READONLY, EDITOR, EDITOR_OPTIONS, OPTIONS, REQ) VALUES ('CBR_ORD', 'List', 'ID', NULL, '№', 1, 0, NULL, NULL, NULL, 0);
INSERT INTO BFW_ENT_FIELDS (ENTITYNAME, VIEWNAME, FIELDNAME, BAND, TITLE, VISIBLE, READONLY, EDITOR, EDITOR_OPTIONS, OPTIONS, REQ) VALUES ('CBR_ORD_DESK', 'Items', 'HID', NULL, NULL, -1, 0, NULL, NULL, NULL, 0);
INSERT INTO BFW_ENT_FIELDS (ENTITYNAME, VIEWNAME, FIELDNAME, BAND, TITLE, VISIBLE, READONLY, EDITOR, EDITOR_OPTIONS, OPTIONS, REQ) VALUES ('CBR_ORD_DESK', 'Items', 'MENU_ID', NULL, NULL, -1, 0, NULL, NULL, NULL, 0);
INSERT INTO BFW_ENT_FIELDS (ENTITYNAME, VIEWNAME, FIELDNAME, BAND, TITLE, VISIBLE, READONLY, EDITOR, EDITOR_OPTIONS, OPTIONS, REQ) VALUES ('CBR_ORD_DESK', 'Items', 'FKORD', NULL, NULL, -1, 0, NULL, NULL, NULL, 0);
INSERT INTO BFW_ENT_FIELDS (ENTITYNAME, VIEWNAME, FIELDNAME, BAND, TITLE, VISIBLE, READONLY, EDITOR, EDITOR_OPTIONS, OPTIONS, REQ) VALUES ('CBR_ORD_DESK', 'Items', 'QTY', NULL, 'кол-во', 1, 0, NULL, NULL, 'Style=Style.Bold', 0);
INSERT INTO BFW_ENT_FIELDS (ENTITYNAME, VIEWNAME, FIELDNAME, BAND, TITLE, VISIBLE, READONLY, EDITOR, EDITOR_OPTIONS, OPTIONS, REQ) VALUES ('CBR_ORD_DESK', 'Items', 'DISH', NULL, 'Блюдо', 1, 0, NULL, NULL, 'Style=Style.Bold', 0);
INSERT INTO BFW_ENT_FIELDS (ENTITYNAME, VIEWNAME, FIELDNAME, BAND, TITLE, VISIBLE, READONLY, EDITOR, EDITOR_OPTIONS, OPTIONS, REQ) VALUES ('CBR_ORD', 'Head', 'SUMM', NULL, 'Сумма, грн', 1, 0, NULL, NULL, NULL, 0);
INSERT INTO BFW_ENT_FIELDS (ENTITYNAME, VIEWNAME, FIELDNAME, BAND, TITLE, VISIBLE, READONLY, EDITOR, EDITOR_OPTIONS, OPTIONS, REQ) VALUES ('CBR_ORD', 'Head', 'IDAT', NULL, 'Время открытия', 1, 0, NULL, NULL, NULL, 0);
INSERT INTO BFW_ENT_FIELDS (ENTITYNAME, VIEWNAME, FIELDNAME, BAND, TITLE, VISIBLE, READONLY, EDITOR, EDITOR_OPTIONS, OPTIONS, REQ) VALUES ('CBR_ORD', 'DetailItems', 'NAME', NULL, 'Блюдо', 1, 0, NULL, NULL, NULL, 0);
INSERT INTO BFW_ENT_FIELDS (ENTITYNAME, VIEWNAME, FIELDNAME, BAND, TITLE, VISIBLE, READONLY, EDITOR, EDITOR_OPTIONS, OPTIONS, REQ) VALUES ('CBR_ORD', 'DetailItems', 'QTY', NULL, 'Кол-во', 1, 0, NULL, NULL, NULL, 0);
INSERT INTO BFW_ENT_FIELDS (ENTITYNAME, VIEWNAME, FIELDNAME, BAND, TITLE, VISIBLE, READONLY, EDITOR, EDITOR_OPTIONS, OPTIONS, REQ) VALUES ('CBR_ORD', 'DetailItems', 'SUMM', NULL, 'Сумма, грн', 1, 0, NULL, NULL, NULL, 0);
INSERT INTO BFW_ENT_FIELDS (ENTITYNAME, VIEWNAME, FIELDNAME, BAND, TITLE, VISIBLE, READONLY, EDITOR, EDITOR_OPTIONS, OPTIONS, REQ) VALUES ('CBR_ORD', 'DetailKOrd', 'ID', NULL, '№', 1, 0, NULL, NULL, NULL, 0);
INSERT INTO BFW_ENT_FIELDS (ENTITYNAME, VIEWNAME, FIELDNAME, BAND, TITLE, VISIBLE, READONLY, EDITOR, EDITOR_OPTIONS, OPTIONS, REQ) VALUES ('CBR_ORD', 'DetailKOrd', 'IDAT', NULL, 'Время открытия', 1, 0, NULL, NULL, NULL, 0);
INSERT INTO BFW_ENT_FIELDS (ENTITYNAME, VIEWNAME, FIELDNAME, BAND, TITLE, VISIBLE, READONLY, EDITOR, EDITOR_OPTIONS, OPTIONS, REQ) VALUES ('CBR_ORD', 'HeadEdit', 'ID', NULL, '№', 1, 1, NULL, NULL, NULL, 0);
INSERT INTO BFW_ENT_FIELDS (ENTITYNAME, VIEWNAME, FIELDNAME, BAND, TITLE, VISIBLE, READONLY, EDITOR, EDITOR_OPTIONS, OPTIONS, REQ) VALUES ('CBR_ORD', 'HeadEdit', 'DAT', NULL, 'Дата', 1, 1, NULL, NULL, NULL, 0);
INSERT INTO BFW_ENT_FIELDS (ENTITYNAME, VIEWNAME, FIELDNAME, BAND, TITLE, VISIBLE, READONLY, EDITOR, EDITOR_OPTIONS, OPTIONS, REQ) VALUES ('CBR_ORD', 'HeadEdit', 'ROOM', NULL, 'Зал', 1, 1, NULL, NULL, NULL, 0);
INSERT INTO BFW_ENT_FIELDS (ENTITYNAME, VIEWNAME, FIELDNAME, BAND, TITLE, VISIBLE, READONLY, EDITOR, EDITOR_OPTIONS, OPTIONS, REQ) VALUES ('CBR_ORD', 'HeadEdit', 'TBL', NULL, 'Стол', 1, 1, NULL, NULL, NULL, 0);
INSERT INTO BFW_ENT_FIELDS (ENTITYNAME, VIEWNAME, FIELDNAME, BAND, TITLE, VISIBLE, READONLY, EDITOR, EDITOR_OPTIONS, OPTIONS, REQ) VALUES ('CBR_ORD', 'HeadEdit', 'SUMM', NULL, 'Сумма, грн', 1, 1, NULL, NULL, NULL, 0);
INSERT INTO BFW_ENT_FIELDS (ENTITYNAME, VIEWNAME, FIELDNAME, BAND, TITLE, VISIBLE, READONLY, EDITOR, EDITOR_OPTIONS, OPTIONS, REQ) VALUES ('CBR_ORD', 'HeadEdit', 'IDAT', NULL, 'Время открытия', 1, 1, NULL, NULL, NULL, 0);
INSERT INTO BFW_ENT_FIELDS (ENTITYNAME, VIEWNAME, FIELDNAME, BAND, TITLE, VISIBLE, READONLY, EDITOR, EDITOR_OPTIONS, OPTIONS, REQ) VALUES ('CBR_MENU_GRP', 'List', 'IS_ADDON', NULL, 'Модификаторы?', 1, 0, 'CheckBox', NULL, NULL, 0);
INSERT INTO BFW_ENT_FIELDS (ENTITYNAME, VIEWNAME, FIELDNAME, BAND, TITLE, VISIBLE, READONLY, EDITOR, EDITOR_OPTIONS, OPTIONS, REQ) VALUES ('CBR_ORD', 'HeadEdit', 'STATE', NULL, 'Статус', 1, 1, NULL, NULL, NULL, 0);
INSERT INTO BFW_ENT_FIELDS (ENTITYNAME, VIEWNAME, FIELDNAME, BAND, TITLE, VISIBLE, READONLY, EDITOR, EDITOR_OPTIONS, OPTIONS, REQ) VALUES ('CBR_MENU_GRP', 'List', 'ADDON_GRP', NULL, 'Группа модификаторов', 1, 0, NULL, NULL, NULL, 0);
INSERT INTO BFW_ENT_FIELDS (ENTITYNAME, VIEWNAME, FIELDNAME, BAND, TITLE, VISIBLE, READONLY, EDITOR, EDITOR_OPTIONS, OPTIONS, REQ) VALUES ('CBR_MENU_GRP', 'Item', 'ADDON_GRP_ID', NULL, 'Группа модификаторов', 1, 0, 'Lookup', 'Entity=CBR_MENU_GRP;EView=AddonLookup', NULL, 0);
INSERT INTO BFW_ENT_FIELDS (ENTITYNAME, VIEWNAME, FIELDNAME, BAND, TITLE, VISIBLE, READONLY, EDITOR, EDITOR_OPTIONS, OPTIONS, REQ) VALUES ('CBR_ORD_DESK', 'Items', 'RECNO', NULL, NULL, -1, 0, NULL, NULL, NULL, 0);
INSERT INTO BFW_ENT_FIELDS (ENTITYNAME, VIEWNAME, FIELDNAME, BAND, TITLE, VISIBLE, READONLY, EDITOR, EDITOR_OPTIONS, OPTIONS, REQ) VALUES ('CBR_MENU_GRP', 'Item', 'IDX', NULL, 'Порядок', 1, 0, NULL, NULL, NULL, 0);
INSERT INTO BFW_ENT_FIELDS (ENTITYNAME, VIEWNAME, FIELDNAME, BAND, TITLE, VISIBLE, READONLY, EDITOR, EDITOR_OPTIONS, OPTIONS, REQ) VALUES ('CBR_MENU_GRP', 'New', 'IDX', NULL, 'Порядок', 1, 0, NULL, NULL, NULL, 0);
INSERT INTO BFW_ENT_FIELDS (ENTITYNAME, VIEWNAME, FIELDNAME, BAND, TITLE, VISIBLE, READONLY, EDITOR, EDITOR_OPTIONS, OPTIONS, REQ) VALUES ('CBR_MENU_GRP', 'New', 'ADDON_GRP_ID', NULL, 'Группа модификаторов', 1, 0, 'Lookup', 'Entity=CBR_MENU_GRP;EView=AddonLookup', NULL, 0);
INSERT INTO BFW_ENT_FIELDS (ENTITYNAME, VIEWNAME, FIELDNAME, BAND, TITLE, VISIBLE, READONLY, EDITOR, EDITOR_OPTIONS, OPTIONS, REQ) VALUES ('CBR_MENU', 'New', 'IDX', NULL, 'Порядок', 1, 0, NULL, NULL, NULL, 0);
INSERT INTO BFW_ENT_FIELDS (ENTITYNAME, VIEWNAME, FIELDNAME, BAND, TITLE, VISIBLE, READONLY, EDITOR, EDITOR_OPTIONS, OPTIONS, REQ) VALUES ('CBR_MENU', 'Item', 'IDX', NULL, 'Порядок', 1, 0, NULL, NULL, NULL, 0);
INSERT INTO BFW_ENT_FIELDS (ENTITYNAME, VIEWNAME, FIELDNAME, BAND, TITLE, VISIBLE, READONLY, EDITOR, EDITOR_OPTIONS, OPTIONS, REQ) VALUES ('CBR_MENU', 'List', 'IDX', NULL, 'Порядок', 1, 0, NULL, NULL, NULL, 0);
INSERT INTO BFW_ENT_FIELDS (ENTITYNAME, VIEWNAME, FIELDNAME, BAND, TITLE, VISIBLE, READONLY, EDITOR, EDITOR_OPTIONS, OPTIONS, REQ) VALUES ('CBR_MENU', 'List', 'ADDON_GRP', NULL, 'Группа модификаторов', 1, 0, NULL, NULL, NULL, 0);
INSERT INTO BFW_ENT_FIELDS (ENTITYNAME, VIEWNAME, FIELDNAME, BAND, TITLE, VISIBLE, READONLY, EDITOR, EDITOR_OPTIONS, OPTIONS, REQ) VALUES ('CBR_MENU', 'New', 'ADDON_GRP_ID', NULL, 'Группа модификаторов', 1, 0, 'Lookup', 'Entity=CBR_MENU_GRP;EView=AddonLookup', NULL, 0);
INSERT INTO BFW_ENT_FIELDS (ENTITYNAME, VIEWNAME, FIELDNAME, BAND, TITLE, VISIBLE, READONLY, EDITOR, EDITOR_OPTIONS, OPTIONS, REQ) VALUES ('CBR_MENU', 'Item', 'ADDON_GRP_ID', NULL, 'Группа модификаторов', 1, 0, 'Lookup', 'Entity=CBR_MENU_GRP;EView=AddonLookup', NULL, 0);

COMMIT WORK;

INSERT INTO BFW_ENT_VIEWS (ENTITYNAME, VIEWNAME, SQL_SELECT, SQL_INSERT, SQL_INSERTDEF, SQL_UPDATE, SQL_DELETE, SQL_REFRESH, SQL_TITLE, READONLY, PKEY, IS_EXEC, TITLE, OPTIONS) VALUES ('BFW_UI', 'List', 'select i.uri, i.cls, i.entityname, coalesce(i.viewname, c.viewname) viewname,
           i.title, i.grp, i.menuidx, i.useperm,
           i.options, i.params, i.outs
    from bfw_ui i
         left join bfw_ui_cls c on (i.cls = c.cls)
         left join bfw_ui_grp g on (g.grp = i.grp)
    order by g.idx, i.menuidx, i.title', NULL, NULL, NULL, NULL, NULL, NULL, 1, NULL, 0, NULL, NULL);
INSERT INTO BFW_ENT_VIEWS (ENTITYNAME, VIEWNAME, SQL_SELECT, SQL_INSERT, SQL_INSERTDEF, SQL_UPDATE, SQL_DELETE, SQL_REFRESH, SQL_TITLE, READONLY, PKEY, IS_EXEC, TITLE, OPTIONS) VALUES ('BFW_UI', 'Commands', 'select cmd.idx, cmd.* from bfw_ui_cmd cmd where cmd.uri = :uri
union
select cmd.idx, cmd.* from bfw_ui ui left join bfw_ui_cmd cmd on (cmd.uri = ui.cls)
where ui.uri = :uri and cmd.uri is not null
      and not exists(select * from bfw_ui_cmd cmdr where cmdr.uri = ui.uri and cmdr.cmd = cmd.cmd)
      and :APP_VER > 20120410
order by 1', NULL, NULL, NULL, NULL, NULL, NULL, 1, NULL, 0, NULL, NULL);
INSERT INTO BFW_ENT_VIEWS (ENTITYNAME, VIEWNAME, SQL_SELECT, SQL_INSERT, SQL_INSERTDEF, SQL_UPDATE, SQL_DELETE, SQL_REFRESH, SQL_TITLE, READONLY, PKEY, IS_EXEC, TITLE, OPTIONS) VALUES ('BFW_UI', 'Styles', 'select * from bfw_ui_styles', NULL, NULL, NULL, NULL, NULL, NULL, 1, NULL, 0, NULL, NULL);
INSERT INTO BFW_ENT_VIEWS (ENTITYNAME, VIEWNAME, SQL_SELECT, SQL_INSERT, SQL_INSERTDEF, SQL_UPDATE, SQL_DELETE, SQL_REFRESH, SQL_TITLE, READONLY, PKEY, IS_EXEC, TITLE, OPTIONS) VALUES ('BFW_META', 'Entities', 'select entityname from bfw_ent', NULL, NULL, NULL, NULL, NULL, NULL, 1, NULL, 0, NULL, NULL);
INSERT INTO BFW_ENT_VIEWS (ENTITYNAME, VIEWNAME, SQL_SELECT, SQL_INSERT, SQL_INSERTDEF, SQL_UPDATE, SQL_DELETE, SQL_REFRESH, SQL_TITLE, READONLY, PKEY, IS_EXEC, TITLE, OPTIONS) VALUES ('BFW_META', 'Fields', 'select * from bfw_ent_fields where entityname = :entityname and viewname = :viewname', NULL, NULL, NULL, NULL, NULL, NULL, 1, NULL, 0, NULL, NULL);
INSERT INTO BFW_ENT_VIEWS (ENTITYNAME, VIEWNAME, SQL_SELECT, SQL_INSERT, SQL_INSERTDEF, SQL_UPDATE, SQL_DELETE, SQL_REFRESH, SQL_TITLE, READONLY, PKEY, IS_EXEC, TITLE, OPTIONS) VALUES ('BFW_META', 'Entity', 'select * from bfw_ent where entityname = :entityname', NULL, NULL, NULL, NULL, NULL, NULL, 1, NULL, 0, NULL, NULL);
INSERT INTO BFW_ENT_VIEWS (ENTITYNAME, VIEWNAME, SQL_SELECT, SQL_INSERT, SQL_INSERTDEF, SQL_UPDATE, SQL_DELETE, SQL_REFRESH, SQL_TITLE, READONLY, PKEY, IS_EXEC, TITLE, OPTIONS) VALUES ('BFW_META', 'View', 'select * from bfw_ent_views where entityname = :entityname and viewname = :viewname', NULL, NULL, NULL, NULL, NULL, NULL, 1, NULL, 0, NULL, NULL);
INSERT INTO BFW_ENT_VIEWS (ENTITYNAME, VIEWNAME, SQL_SELECT, SQL_INSERT, SQL_INSERTDEF, SQL_UPDATE, SQL_DELETE, SQL_REFRESH, SQL_TITLE, READONLY, PKEY, IS_EXEC, TITLE, OPTIONS) VALUES ('BFW_META', 'ViewLinks', 'select * from bfw_ent_view_links where entityname = :entityname and viewname = :viewname', NULL, NULL, NULL, NULL, NULL, NULL, 1, NULL, 0, NULL, NULL);
INSERT INTO BFW_ENT_VIEWS (ENTITYNAME, VIEWNAME, SQL_SELECT, SQL_INSERT, SQL_INSERTDEF, SQL_UPDATE, SQL_DELETE, SQL_REFRESH, SQL_TITLE, READONLY, PKEY, IS_EXEC, TITLE, OPTIONS) VALUES ('BFW_META', 'ViewLinkedFields', 'select * from bfw_ent_view_links  where linked_entityname = :entityname and linked_viewname = :viewname and coalesce(linked_field, '''') <> ''''', NULL, NULL, NULL, NULL, NULL, NULL, 1, NULL, 0, NULL, NULL);
INSERT INTO BFW_ENT_VIEWS (ENTITYNAME, VIEWNAME, SQL_SELECT, SQL_INSERT, SQL_INSERTDEF, SQL_UPDATE, SQL_DELETE, SQL_REFRESH, SQL_TITLE, READONLY, PKEY, IS_EXEC, TITLE, OPTIONS) VALUES ('BFW_SEC_POLICY', 'List', 'select * from bfw_sec_ev_policy_list(:ParentID) order by name', NULL, NULL, NULL, NULL, NULL, NULL, 1, NULL, 0, NULL, NULL);
INSERT INTO BFW_ENT_VIEWS (ENTITYNAME, VIEWNAME, SQL_SELECT, SQL_INSERT, SQL_INSERTDEF, SQL_UPDATE, SQL_DELETE, SQL_REFRESH, SQL_TITLE, READONLY, PKEY, IS_EXEC, TITLE, OPTIONS) VALUES ('BFW_SEC_USER', 'List', 'select userid, name, isrole from bfw_sec_users order by name', NULL, NULL, NULL, NULL, NULL, NULL, 1, NULL, 0, NULL, NULL);
INSERT INTO BFW_ENT_VIEWS (ENTITYNAME, VIEWNAME, SQL_SELECT, SQL_INSERT, SQL_INSERTDEF, SQL_UPDATE, SQL_DELETE, SQL_REFRESH, SQL_TITLE, READONLY, PKEY, IS_EXEC, TITLE, OPTIONS) VALUES ('BFW_SEC_PERM', 'List', 'select * from bfw_sec_ev_perm_list(:polid)', NULL, NULL, NULL, NULL, NULL, NULL, 1, NULL, 0, NULL, NULL);
INSERT INTO BFW_ENT_VIEWS (ENTITYNAME, VIEWNAME, SQL_SELECT, SQL_INSERT, SQL_INSERTDEF, SQL_UPDATE, SQL_DELETE, SQL_REFRESH, SQL_TITLE, READONLY, PKEY, IS_EXEC, TITLE, OPTIONS) VALUES ('BFW_SEC_USER', 'Item', 'select userid, name, isrole from bfw_sec_users where userid= :userid', NULL, NULL, NULL, NULL, NULL, NULL, 1, NULL, 0, NULL, NULL);
INSERT INTO BFW_ENT_VIEWS (ENTITYNAME, VIEWNAME, SQL_SELECT, SQL_INSERT, SQL_INSERTDEF, SQL_UPDATE, SQL_DELETE, SQL_REFRESH, SQL_TITLE, READONLY, PKEY, IS_EXEC, TITLE, OPTIONS) VALUES ('BFW_SEC_PERM', 'Effective', 'select * from bfw_sec_ev_perm_effective(:polid, :permid, :resid)', NULL, NULL, NULL, NULL, NULL, NULL, 1, NULL, 0, NULL, NULL);
INSERT INTO BFW_ENT_VIEWS (ENTITYNAME, VIEWNAME, SQL_SELECT, SQL_INSERT, SQL_INSERTDEF, SQL_UPDATE, SQL_DELETE, SQL_REFRESH, SQL_TITLE, READONLY, PKEY, IS_EXEC, TITLE, OPTIONS) VALUES ('BFW_SEC_PROV', 'List', 'select * from bfw_sec_prov', NULL, NULL, NULL, NULL, NULL, NULL, 1, NULL, 0, NULL, NULL);
INSERT INTO BFW_ENT_VIEWS (ENTITYNAME, VIEWNAME, SQL_SELECT, SQL_INSERT, SQL_INSERTDEF, SQL_UPDATE, SQL_DELETE, SQL_REFRESH, SQL_TITLE, READONLY, PKEY, IS_EXEC, TITLE, OPTIONS) VALUES ('BFW_SEC_USER', 'UserRoleCheck', 'select count(*) status from bfw_sec_user_roles  where userid = :userid and roleid = :roleid', NULL, NULL, NULL, NULL, NULL, NULL, 1, NULL, 0, NULL, NULL);
INSERT INTO BFW_ENT_VIEWS (ENTITYNAME, VIEWNAME, SQL_SELECT, SQL_INSERT, SQL_INSERTDEF, SQL_UPDATE, SQL_DELETE, SQL_REFRESH, SQL_TITLE, READONLY, PKEY, IS_EXEC, TITLE, OPTIONS) VALUES ('BFW_SEC_PERM', 'StateGet', 'select state from bfw_sec_ev_perm_state_get(:permid, :userid, :resid)', NULL, NULL, NULL, NULL, NULL, NULL, 1, NULL, 0, NULL, NULL);
INSERT INTO BFW_ENT_VIEWS (ENTITYNAME, VIEWNAME, SQL_SELECT, SQL_INSERT, SQL_INSERTDEF, SQL_UPDATE, SQL_DELETE, SQL_REFRESH, SQL_TITLE, READONLY, PKEY, IS_EXEC, TITLE, OPTIONS) VALUES ('BFW_SEC_POLICY', 'StateGet', 'select state from bfw_sec_ev_policy_state_get(:polid)', NULL, NULL, NULL, NULL, NULL, NULL, 1, NULL, 0, NULL, NULL);
INSERT INTO BFW_ENT_VIEWS (ENTITYNAME, VIEWNAME, SQL_SELECT, SQL_INSERT, SQL_INSERTDEF, SQL_UPDATE, SQL_DELETE, SQL_REFRESH, SQL_TITLE, READONLY, PKEY, IS_EXEC, TITLE, OPTIONS) VALUES ('BFW_SEC_PERM', 'StateSet', 'execute procedure bfw_sec_ev_perm_state_set(:permid, :userid, :resid, :state)', NULL, NULL, NULL, NULL, NULL, NULL, 1, NULL, 1, NULL, NULL);
INSERT INTO BFW_ENT_VIEWS (ENTITYNAME, VIEWNAME, SQL_SELECT, SQL_INSERT, SQL_INSERTDEF, SQL_UPDATE, SQL_DELETE, SQL_REFRESH, SQL_TITLE, READONLY, PKEY, IS_EXEC, TITLE, OPTIONS) VALUES ('BFW_SEC_POLICY', 'StateSet', 'execute procedure bfw_sec_ev_policy_state_set(:polid, :state)', NULL, NULL, NULL, NULL, NULL, NULL, 1, NULL, 1, NULL, NULL);
INSERT INTO BFW_ENT_VIEWS (ENTITYNAME, VIEWNAME, SQL_SELECT, SQL_INSERT, SQL_INSERTDEF, SQL_UPDATE, SQL_DELETE, SQL_REFRESH, SQL_TITLE, READONLY, PKEY, IS_EXEC, TITLE, OPTIONS) VALUES ('BFW_SEC_USER', 'UserRoleAdd', 'insert into bfw_sec_user_roles(userid, roleid) values(:userid, :roleid)', NULL, NULL, NULL, NULL, NULL, NULL, 1, NULL, 1, NULL, NULL);
INSERT INTO BFW_ENT_VIEWS (ENTITYNAME, VIEWNAME, SQL_SELECT, SQL_INSERT, SQL_INSERTDEF, SQL_UPDATE, SQL_DELETE, SQL_REFRESH, SQL_TITLE, READONLY, PKEY, IS_EXEC, TITLE, OPTIONS) VALUES ('BFW_SEC_USER', 'UserRoleRemove', 'delete from bfw_sec_user_roles where userid = :userid and roleid = :roleid', NULL, NULL, NULL, NULL, NULL, NULL, 1, NULL, 1, NULL, NULL);
INSERT INTO BFW_ENT_VIEWS (ENTITYNAME, VIEWNAME, SQL_SELECT, SQL_INSERT, SQL_INSERTDEF, SQL_UPDATE, SQL_DELETE, SQL_REFRESH, SQL_TITLE, READONLY, PKEY, IS_EXEC, TITLE, OPTIONS) VALUES ('BFW_SEC_PERM', 'Check', 'select state from bfw_sec_sp_perm_check(:permid, :userid, :resid)', NULL, NULL, NULL, NULL, NULL, NULL, 1, NULL, 0, NULL, NULL);
INSERT INTO BFW_ENT_VIEWS (ENTITYNAME, VIEWNAME, SQL_SELECT, SQL_INSERT, SQL_INSERTDEF, SQL_UPDATE, SQL_DELETE, SQL_REFRESH, SQL_TITLE, READONLY, PKEY, IS_EXEC, TITLE, OPTIONS) VALUES ('BFW_SEC_POLICY', 'Reset', 'execute procedure bfw_sec_ev_policy_reset(:polid)', NULL, NULL, NULL, NULL, NULL, NULL, 1, NULL, 1, NULL, NULL);
INSERT INTO BFW_ENT_VIEWS (ENTITYNAME, VIEWNAME, SQL_SELECT, SQL_INSERT, SQL_INSERTDEF, SQL_UPDATE, SQL_DELETE, SQL_REFRESH, SQL_TITLE, READONLY, PKEY, IS_EXEC, TITLE, OPTIONS) VALUES ('BFW_INF_MSG', 'POP', 'select * from bfw_inf_sp_msg_pop(:last_id)', NULL, NULL, NULL, NULL, NULL, NULL, 1, NULL, 0, NULL, NULL);
INSERT INTO BFW_ENT_VIEWS (ENTITYNAME, VIEWNAME, SQL_SELECT, SQL_INSERT, SQL_INSERTDEF, SQL_UPDATE, SQL_DELETE, SQL_REFRESH, SQL_TITLE, READONLY, PKEY, IS_EXEC, TITLE, OPTIONS) VALUES ('BFW_INF_MSG', 'PUSH', 'execute procedure bfw_inf_sp_msg_push(:receiver, :topic, :txt)', NULL, NULL, NULL, NULL, NULL, NULL, 1, NULL, 1, NULL, NULL);
INSERT INTO BFW_ENT_VIEWS (ENTITYNAME, VIEWNAME, SQL_SELECT, SQL_INSERT, SQL_INSERTDEF, SQL_UPDATE, SQL_DELETE, SQL_REFRESH, SQL_TITLE, READONLY, PKEY, IS_EXEC, TITLE, OPTIONS) VALUES ('BFW_INF_MSG', 'MARK', 'update bfw_inf_msg set status = 1 where id = :id', NULL, NULL, NULL, NULL, NULL, NULL, 1, NULL, 1, NULL, NULL);
INSERT INTO BFW_ENT_VIEWS (ENTITYNAME, VIEWNAME, SQL_SELECT, SQL_INSERT, SQL_INSERTDEF, SQL_UPDATE, SQL_DELETE, SQL_REFRESH, SQL_TITLE, READONLY, PKEY, IS_EXEC, TITLE, OPTIONS) VALUES ('BFW_IDE_UI_CLS', 'Item', 'select * from bfw_ui_cls where cls = :ID', NULL, NULL, NULL, NULL, NULL, NULL, 0, NULL, 0, NULL, NULL);
INSERT INTO BFW_ENT_VIEWS (ENTITYNAME, VIEWNAME, SQL_SELECT, SQL_INSERT, SQL_INSERTDEF, SQL_UPDATE, SQL_DELETE, SQL_REFRESH, SQL_TITLE, READONLY, PKEY, IS_EXEC, TITLE, OPTIONS) VALUES ('BFW_IDE_ENT', 'List', 'select * from bfw_ent order by entityname', NULL, NULL, NULL, NULL, 'select * from bfw_ent where entityname = :entityname', NULL, 1, 'entityname', 0, NULL, NULL);
INSERT INTO BFW_ENT_VIEWS (ENTITYNAME, VIEWNAME, SQL_SELECT, SQL_INSERT, SQL_INSERTDEF, SQL_UPDATE, SQL_DELETE, SQL_REFRESH, SQL_TITLE, READONLY, PKEY, IS_EXEC, TITLE, OPTIONS) VALUES ('BFW_IDE_ENT', 'Item', 'select * from bfw_ent where entityname = :id', NULL, NULL, NULL, NULL, NULL, NULL, 1, NULL, 0, NULL, NULL);
INSERT INTO BFW_ENT_VIEWS (ENTITYNAME, VIEWNAME, SQL_SELECT, SQL_INSERT, SQL_INSERTDEF, SQL_UPDATE, SQL_DELETE, SQL_REFRESH, SQL_TITLE, READONLY, PKEY, IS_EXEC, TITLE, OPTIONS) VALUES ('BFW_IDE_EVIEW', 'List', 'select * from bfw_ent_views ev  where entityname = :entityname', NULL, NULL, NULL, NULL, 'select * from bfw_ent_views ev  where entityname = :entityname and viewname = :viewname', NULL, 1, 'entityname;viewname', 0, NULL, NULL);
INSERT INTO BFW_ENT_VIEWS (ENTITYNAME, VIEWNAME, SQL_SELECT, SQL_INSERT, SQL_INSERTDEF, SQL_UPDATE, SQL_DELETE, SQL_REFRESH, SQL_TITLE, READONLY, PKEY, IS_EXEC, TITLE, OPTIONS) VALUES ('BFW_IDE_EVIEW', 'Item', 'select ev.*, ev.entityname || '':'' ||ev.viewname as ui_title 
from bfw_ent_views ev  
where entityname = :entityname and viewname = :viewname', NULL, NULL, NULL, NULL, NULL, NULL, 0, 'entityname;viewname', 0, NULL, NULL);
INSERT INTO BFW_ENT_VIEWS (ENTITYNAME, VIEWNAME, SQL_SELECT, SQL_INSERT, SQL_INSERTDEF, SQL_UPDATE, SQL_DELETE, SQL_REFRESH, SQL_TITLE, READONLY, PKEY, IS_EXEC, TITLE, OPTIONS) VALUES ('BFW_IDE', 'Packages', 'select distinct coalesce(ui.pkg, ''-'') id, coalesce(ui.pkg, ''-'') name
from bfw_ui ui
order by 2', NULL, NULL, NULL, NULL, '', NULL, 1, 'ID', 0, NULL, NULL);
INSERT INTO BFW_ENT_VIEWS (ENTITYNAME, VIEWNAME, SQL_SELECT, SQL_INSERT, SQL_INSERTDEF, SQL_UPDATE, SQL_DELETE, SQL_REFRESH, SQL_TITLE, READONLY, PKEY, IS_EXEC, TITLE, OPTIONS) VALUES ('BFW_IDE_UI', 'Item', 'select * from bfw_ide_ev_ui_item(:uri)', NULL, NULL, 'execute procedure bfw_ide_ev_ui_item_u(:uri, :title, :grp, :menuidx, :options, 
:params, :outs, :useperm, :pkg, 
:ent, :ent_view, :ent_view_readonly, :ent_view_pkey, :ent_sql_select, :ent_sql_insert, :ent_sql_insertdef,
 :ent_sql_update,:ent_sql_delete,:ent_sql_refresh, :ent_sql_title)', NULL, NULL, NULL, 0, 'uri', 0, NULL, NULL);
INSERT INTO BFW_ENT_VIEWS (ENTITYNAME, VIEWNAME, SQL_SELECT, SQL_INSERT, SQL_INSERTDEF, SQL_UPDATE, SQL_DELETE, SQL_REFRESH, SQL_TITLE, READONLY, PKEY, IS_EXEC, TITLE, OPTIONS) VALUES ('BFW_IDE_UI', 'New', 'select * from bfw_ide_ev_ui_new(:pkg)', NULL, NULL, 'execute procedure bfw_ide_ev_ui_new_u(:uri, :cls, :title, :pkg, :ent, :ent_view)', NULL, NULL, NULL, 0, 'URI', 0, NULL, NULL);
INSERT INTO BFW_ENT_VIEWS (ENTITYNAME, VIEWNAME, SQL_SELECT, SQL_INSERT, SQL_INSERTDEF, SQL_UPDATE, SQL_DELETE, SQL_REFRESH, SQL_TITLE, READONLY, PKEY, IS_EXEC, TITLE, OPTIONS) VALUES ('BFW_IDE_UI', 'List', 'select * from bfw_ui ui where coalesce(pkg, ''-'') = :pkg order by uri', NULL, NULL, NULL, NULL, 'select * from bfw_ui where uri = :uri and coalesce(pkg, ''-'') = :pkg', NULL, 1, 'uri', 0, NULL, NULL);
INSERT INTO BFW_ENT_VIEWS (ENTITYNAME, VIEWNAME, SQL_SELECT, SQL_INSERT, SQL_INSERTDEF, SQL_UPDATE, SQL_DELETE, SQL_REFRESH, SQL_TITLE, READONLY, PKEY, IS_EXEC, TITLE, OPTIONS) VALUES ('BFW_IDE_UI_FIELDS', 'List', 'select * from bfw_ent_fields 
where entityname = :entityname 
            and (viewname = :viewname or viewname = ''-'')', NULL, '', '', NULL, 'select * from bfw_ent_fields f 
where f.entityname = :entityname and f.viewname = :viewname and f.fieldname = :fieldname', NULL, 1, 'FIELDNAME', 0, NULL, NULL);
INSERT INTO BFW_ENT_VIEWS (ENTITYNAME, VIEWNAME, SQL_SELECT, SQL_INSERT, SQL_INSERTDEF, SQL_UPDATE, SQL_DELETE, SQL_REFRESH, SQL_TITLE, READONLY, PKEY, IS_EXEC, TITLE, OPTIONS) VALUES ('BFW_IDE_ENT', 'Lookup', 'select entityname id,  entityname name from bfw_ent where is_scheme = 0 order by entityname', NULL, NULL, NULL, NULL, NULL, NULL, 1, NULL, 0, NULL, NULL);
INSERT INTO BFW_ENT_VIEWS (ENTITYNAME, VIEWNAME, SQL_SELECT, SQL_INSERT, SQL_INSERTDEF, SQL_UPDATE, SQL_DELETE, SQL_REFRESH, SQL_TITLE, READONLY, PKEY, IS_EXEC, TITLE, OPTIONS) VALUES ('BFW_IDE_UI_CLS', 'Lookup', 'select cls id, cls name from bfw_ui_cls order by cls', NULL, NULL, NULL, NULL, NULL, NULL, 1, NULL, 0, NULL, NULL);
INSERT INTO BFW_ENT_VIEWS (ENTITYNAME, VIEWNAME, SQL_SELECT, SQL_INSERT, SQL_INSERTDEF, SQL_UPDATE, SQL_DELETE, SQL_REFRESH, SQL_TITLE, READONLY, PKEY, IS_EXEC, TITLE, OPTIONS) VALUES ('BFW_IDE_UI_FIELDS', 'Item', 'select * from bfw_ent_fields
where entityname = :entityname and viewname = :viewname and fieldname = :fieldname', NULL, NULL, 'update bfw_ent_fields 
set band = :band,  title = :title, visible = :visible, readonly = :readonly, req = :req,
       editor = :editor, editor_options = :editor_options, options = :options
where entityname = :entityname and viewname = :viewname and fieldname = :fieldname', NULL, NULL, NULL, 0, 'FIELDNAME', 0, NULL, NULL);
INSERT INTO BFW_ENT_VIEWS (ENTITYNAME, VIEWNAME, SQL_SELECT, SQL_INSERT, SQL_INSERTDEF, SQL_UPDATE, SQL_DELETE, SQL_REFRESH, SQL_TITLE, READONLY, PKEY, IS_EXEC, TITLE, OPTIONS) VALUES ('BFW_IDE_UI_FIELDS', 'New', 'select   f.*
from bfw_ent_fields f
where f.entityname = :entityname and f.viewname = :viewname and f.fieldname is null', 'insert into bfw_ent_fields(entityname, viewname, fieldname, band, title, visible, readonly, editor, editor_options, options, req )
values(:entityname, :viewname, :fieldname, :band, :title, :visible, :readonly, :editor, :editor_options, :options, :req)', 'select e.entityname, ev.viewname, cast(1 as integer) visible, cast(0 as integer) readonly, cast(0 as integer) req
from bfw_ent e left join bfw_ent_views ev on (e.entityname = ev.entityname)
where e.entityname = :entityname and ev.viewname = :viewname', '', NULL, NULL, NULL, 0, 'FIELDNAME', 0, NULL, NULL);
INSERT INTO BFW_ENT_VIEWS (ENTITYNAME, VIEWNAME, SQL_SELECT, SQL_INSERT, SQL_INSERTDEF, SQL_UPDATE, SQL_DELETE, SQL_REFRESH, SQL_TITLE, READONLY, PKEY, IS_EXEC, TITLE, OPTIONS) VALUES ('BFW_IDE_UI', 'ListTitle', 'select distinct coalesce(pkg, ''-'') title from bfw_ui where  coalesce(pkg, ''-'') = :pkg', NULL, NULL, NULL, NULL, NULL, NULL, 1, NULL, 0, NULL, NULL);
INSERT INTO BFW_ENT_VIEWS (ENTITYNAME, VIEWNAME, SQL_SELECT, SQL_INSERT, SQL_INSERTDEF, SQL_UPDATE, SQL_DELETE, SQL_REFRESH, SQL_TITLE, READONLY, PKEY, IS_EXEC, TITLE, OPTIONS) VALUES ('BFW_IDE_ENT', 'New', 'select entityname, description from bfw_ent  where entityname is null', 'insert into bfw_ent(entityname, description, is_scheme)
values(:entityname, :description, 0)', '', NULL, NULL, NULL, NULL, 0, 'ENTITYNAME', 0, NULL, NULL);
INSERT INTO BFW_ENT_VIEWS (ENTITYNAME, VIEWNAME, SQL_SELECT, SQL_INSERT, SQL_INSERTDEF, SQL_UPDATE, SQL_DELETE, SQL_REFRESH, SQL_TITLE, READONLY, PKEY, IS_EXEC, TITLE, OPTIONS) VALUES ('BFW_IDE_UI_CMD', 'List', 'select * from bfw_ui_cmd 
where uri = :uri
order by uri', NULL, NULL, NULL, NULL, 'select * from bfw_ui_cmd where uri = :uri and cmd = :cmd', NULL, 1, 'URI;CMD', 0, NULL, NULL);
INSERT INTO BFW_ENT_VIEWS (ENTITYNAME, VIEWNAME, SQL_SELECT, SQL_INSERT, SQL_INSERTDEF, SQL_UPDATE, SQL_DELETE, SQL_REFRESH, SQL_TITLE, READONLY, PKEY, IS_EXEC, TITLE, OPTIONS) VALUES ('BFW_IDE_UI_CMD', 'Item', 'select * from bfw_ui_cmd where uri = :uri and cmd = :cmd', NULL, NULL, 'update bfw_ui_cmd
set caption = :caption, idx = :idx, grp = :grp, def = :def,   
       params = :params,  outs = :outs,  handler = :handler , handler_for = :handler_for, options = :options, 
       condition = :condition, condition_params = :condition_params,
       shortcut = :shortcut
where uri = :uri and cmd = :cmd', NULL, NULL, NULL, 0, 'URI,CMD', 0, NULL, NULL);
INSERT INTO BFW_ENT_VIEWS (ENTITYNAME, VIEWNAME, SQL_SELECT, SQL_INSERT, SQL_INSERTDEF, SQL_UPDATE, SQL_DELETE, SQL_REFRESH, SQL_TITLE, READONLY, PKEY, IS_EXEC, TITLE, OPTIONS) VALUES ('BFW_IDE_UI_CMD', 'New', 'select * from bfw_ui_cmd where uri = :uri and cmd is null', 'insert into bfw_ui_cmd(uri, cmd, caption, grp, def, idx, handler, handler_for, params, options, condition, condition_params, shortcut)
values(:uri, :cmd, :caption, :grp, :def, :idx, :handler, :handler_for, :params, :options, :condition,  :condition_params, :shortcut)', 'select uri, cast(0 as integer) idx, cast(0 as integer) def from bfw_ui where uri = :uri', NULL, NULL, NULL, NULL, 0, 'URI;CMD', 0, NULL, NULL);
INSERT INTO BFW_ENT_VIEWS (ENTITYNAME, VIEWNAME, SQL_SELECT, SQL_INSERT, SQL_INSERTDEF, SQL_UPDATE, SQL_DELETE, SQL_REFRESH, SQL_TITLE, READONLY, PKEY, IS_EXEC, TITLE, OPTIONS) VALUES ('BFW_IDE_EVIEW', 'New', 'select * from bfw_ent_views where entityname = :entityname and entityname is null', 'insert into bfw_ent_views(entityname, viewname, sql_select) values(:entityname, :viewname, :sql_select)', 'select entityname from bfw_ent where entityname = :entityname', NULL, NULL, NULL, NULL, 0, 'entityname,viewname', 0, NULL, NULL);
INSERT INTO BFW_ENT_VIEWS (ENTITYNAME, VIEWNAME, SQL_SELECT, SQL_INSERT, SQL_INSERTDEF, SQL_UPDATE, SQL_DELETE, SQL_REFRESH, SQL_TITLE, READONLY, PKEY, IS_EXEC, TITLE, OPTIONS) VALUES ('BFW_IDE_EVIEW', 'ListTitle', 'select entityname from bfw_ent where entityname = :entityname', NULL, NULL, NULL, NULL, NULL, NULL, 1, NULL, 0, NULL, NULL);
INSERT INTO BFW_ENT_VIEWS (ENTITYNAME, VIEWNAME, SQL_SELECT, SQL_INSERT, SQL_INSERTDEF, SQL_UPDATE, SQL_DELETE, SQL_REFRESH, SQL_TITLE, READONLY, PKEY, IS_EXEC, TITLE, OPTIONS) VALUES ('CBR_MENU', 'List', 'select * from cbr_ev_menu_list(null, 1)', NULL, NULL, NULL, 'delete from cbr_menu where id = :id', 'select * from cbr_ev_menu_list(:id, 1)', NULL, 1, NULL, 0, NULL, NULL);
INSERT INTO BFW_ENT_VIEWS (ENTITYNAME, VIEWNAME, SQL_SELECT, SQL_INSERT, SQL_INSERTDEF, SQL_UPDATE, SQL_DELETE, SQL_REFRESH, SQL_TITLE, READONLY, PKEY, IS_EXEC, TITLE, OPTIONS) VALUES ('CBR_PRICE_TYP', 'List', 'select id, name from cbr_price_typ order by name', NULL, NULL, NULL, 'delete from cbr_price_typ where id = :id', 'select * from cbr_price_typ where id = :id', NULL, 1, NULL, 0, NULL, NULL);
INSERT INTO BFW_ENT_VIEWS (ENTITYNAME, VIEWNAME, SQL_SELECT, SQL_INSERT, SQL_INSERTDEF, SQL_UPDATE, SQL_DELETE, SQL_REFRESH, SQL_TITLE, READONLY, PKEY, IS_EXEC, TITLE, OPTIONS) VALUES ('CBR_MENU', 'New', 'select * from cbr_ev_menu_new', '', '', 'execute procedure cbr_ev_menu_new_u(:id, :name, :grp_id, :idx, :addon_grp_id)', NULL, NULL, NULL, 0, NULL, 0, NULL, NULL);
INSERT INTO BFW_ENT_VIEWS (ENTITYNAME, VIEWNAME, SQL_SELECT, SQL_INSERT, SQL_INSERTDEF, SQL_UPDATE, SQL_DELETE, SQL_REFRESH, SQL_TITLE, READONLY, PKEY, IS_EXEC, TITLE, OPTIONS) VALUES ('CBR_PRICE_TYP', 'New', 'select id, name from cbr_price_typ where id is null', 'insert into cbr_price_typ(id, name) values(:id, :name)', 'select gen_id(cbr_gen, 1) id from rdb$database', NULL, NULL, NULL, NULL, 0, NULL, 0, NULL, NULL);
INSERT INTO BFW_ENT_VIEWS (ENTITYNAME, VIEWNAME, SQL_SELECT, SQL_INSERT, SQL_INSERTDEF, SQL_UPDATE, SQL_DELETE, SQL_REFRESH, SQL_TITLE, READONLY, PKEY, IS_EXEC, TITLE, OPTIONS) VALUES ('CBR_PRICE_TYP', 'Item', 'select id, name from cbr_price_typ where id = :id', NULL, NULL, 'update cbr_price_typ set name = :name where id = :id', NULL, NULL, NULL, 0, NULL, 0, NULL, NULL);
INSERT INTO BFW_ENT_VIEWS (ENTITYNAME, VIEWNAME, SQL_SELECT, SQL_INSERT, SQL_INSERTDEF, SQL_UPDATE, SQL_DELETE, SQL_REFRESH, SQL_TITLE, READONLY, PKEY, IS_EXEC, TITLE, OPTIONS) VALUES ('CBR_PRICE', 'List', 'select * from cbr_ev_price_list(:dat, :typ_id)', NULL, NULL, 'execute procedure cbr_ev_price_list_u(:menu_id, :dat, :typ_id, :price_new)', NULL, NULL, NULL, 0, 'MENU_ID', 0, NULL, NULL);
INSERT INTO BFW_ENT_VIEWS (ENTITYNAME, VIEWNAME, SQL_SELECT, SQL_INSERT, SQL_INSERTDEF, SQL_UPDATE, SQL_DELETE, SQL_REFRESH, SQL_TITLE, READONLY, PKEY, IS_EXEC, TITLE, OPTIONS) VALUES ('CBR_MENU', 'States', 'select * from inf_sp_enum_lookup(''CBR'', ''-'', 1)', NULL, NULL, NULL, NULL, NULL, NULL, 1, NULL, 0, NULL, NULL);
INSERT INTO BFW_ENT_VIEWS (ENTITYNAME, VIEWNAME, SQL_SELECT, SQL_INSERT, SQL_INSERTDEF, SQL_UPDATE, SQL_DELETE, SQL_REFRESH, SQL_TITLE, READONLY, PKEY, IS_EXEC, TITLE, OPTIONS) VALUES ('CBR_MENU', 'Item', 'select * from cbr_ev_menu_item(:id)', NULL, NULL, 'execute procedure cbr_ev_menu_item_u(:id, :name, :grp_id, :state_id, :idx, :addon_grp_id)', NULL, NULL, NULL, 0, NULL, 0, NULL, NULL);
INSERT INTO BFW_ENT_VIEWS (ENTITYNAME, VIEWNAME, SQL_SELECT, SQL_INSERT, SQL_INSERTDEF, SQL_UPDATE, SQL_DELETE, SQL_REFRESH, SQL_TITLE, READONLY, PKEY, IS_EXEC, TITLE, OPTIONS) VALUES ('CBR_UI', 'MainMenu', 'select  u.uri, u.title from bfw_ui u 
where u.pkg = ''CBR'' and coalesce(u.grp, '''') <> '''' and u.menuidx <> -1 and cast(''today'' as date) < ''17.10.2012''
order by u.menuidx', NULL, NULL, NULL, NULL, NULL, NULL, 0, NULL, 0, NULL, NULL);
INSERT INTO BFW_ENT_VIEWS (ENTITYNAME, VIEWNAME, SQL_SELECT, SQL_INSERT, SQL_INSERTDEF, SQL_UPDATE, SQL_DELETE, SQL_REFRESH, SQL_TITLE, READONLY, PKEY, IS_EXEC, TITLE, OPTIONS) VALUES ('CBR_MENU_GRP', 'List', 'select g.id, g.name, g.idx, a.name addon_grp, g.is_addon 
from cbr_menu_grp g left join cbr_menu_grp a on (g.addon_grp_id = a.id) 
order  by g.idx', NULL, NULL, NULL, 'delete from cbr_menu_grp where id = :id', 'select g.id, g.name, g.idx, a.name addon_grp, g.is_addon 
from cbr_menu_grp g left join cbr_menu_grp a on (g.addon_grp_id = a.id) 
where g.id = :id', NULL, 1, NULL, 0, NULL, NULL);
INSERT INTO BFW_ENT_VIEWS (ENTITYNAME, VIEWNAME, SQL_SELECT, SQL_INSERT, SQL_INSERTDEF, SQL_UPDATE, SQL_DELETE, SQL_REFRESH, SQL_TITLE, READONLY, PKEY, IS_EXEC, TITLE, OPTIONS) VALUES ('CBR_MENU_GRP', 'New', 'select id, name, idx, is_addon, addon_grp_id from cbr_menu_grp where id is null', 'insert into cbr_menu_grp(id, name, idx, is_addon, addon_grp_id) values(:id, :name, :idx, :is_addon, :addon_grp_id)', 'select gen_id(cbr_gen, 1) id, 0 as is_addon from rdb$database', NULL, NULL, NULL, NULL, 0, NULL, 0, NULL, NULL);
INSERT INTO BFW_ENT_VIEWS (ENTITYNAME, VIEWNAME, SQL_SELECT, SQL_INSERT, SQL_INSERTDEF, SQL_UPDATE, SQL_DELETE, SQL_REFRESH, SQL_TITLE, READONLY, PKEY, IS_EXEC, TITLE, OPTIONS) VALUES ('CBR_MENU_GRP', 'Item', 'select id, name, idx, is_addon, addon_grp_id from cbr_menu_grp where id = :id', NULL, NULL, 'update cbr_menu_grp set name = :name, idx = :idx, is_addon = :is_addon, addon_grp_id = :addon_grp_id where id = :id', NULL, NULL, NULL, 0, NULL, 0, NULL, NULL);
INSERT INTO BFW_ENT_VIEWS (ENTITYNAME, VIEWNAME, SQL_SELECT, SQL_INSERT, SQL_INSERTDEF, SQL_UPDATE, SQL_DELETE, SQL_REFRESH, SQL_TITLE, READONLY, PKEY, IS_EXEC, TITLE, OPTIONS) VALUES ('CBR_MENU_GRP', 'Lookup', 'select id, name from cbr_menu_grp order by name', NULL, NULL, NULL, NULL, NULL, NULL, 1, NULL, 0, NULL, NULL);
INSERT INTO BFW_ENT_VIEWS (ENTITYNAME, VIEWNAME, SQL_SELECT, SQL_INSERT, SQL_INSERTDEF, SQL_UPDATE, SQL_DELETE, SQL_REFRESH, SQL_TITLE, READONLY, PKEY, IS_EXEC, TITLE, OPTIONS) VALUES ('CBR_TBL', 'List', 'select t.id, t.name, r.name room, 
(select e.name from inf_sp_enum_get(''cbr'', ''-'', t.state_id) e)  state
from  cbr_tbl t left join cbr_rooms r on (r.id = t.room_id)', NULL, NULL, NULL, 'delete from cbr_tbl where id = :id', 'select t.id, t.name, r.name room, 
(select e.name from inf_sp_enum_get(''cbr'', ''-'', t.state_id) e)  state
from  cbr_tbl t  left join cbr_rooms r on (r.id = t.room_id) where t.id = :id', NULL, 1, 'ID', 0, NULL, NULL);
INSERT INTO BFW_ENT_VIEWS (ENTITYNAME, VIEWNAME, SQL_SELECT, SQL_INSERT, SQL_INSERTDEF, SQL_UPDATE, SQL_DELETE, SQL_REFRESH, SQL_TITLE, READONLY, PKEY, IS_EXEC, TITLE, OPTIONS) VALUES ('CBR_TBL', 'New', 'select id, name, room_id from cbr_tbl where id is null', 'insert into cbr_tbl(id, name, room_id, state_id) values(:id, :name, :room_id, 1)', 'select gen_id(cbr_gen, 1) id from rdb$database', NULL, NULL, NULL, NULL, 0, NULL, 0, NULL, NULL);
INSERT INTO BFW_ENT_VIEWS (ENTITYNAME, VIEWNAME, SQL_SELECT, SQL_INSERT, SQL_INSERTDEF, SQL_UPDATE, SQL_DELETE, SQL_REFRESH, SQL_TITLE, READONLY, PKEY, IS_EXEC, TITLE, OPTIONS) VALUES ('CBR_ROOM', 'Lookup', 'select id, name from cbr_rooms order by name', NULL, NULL, NULL, NULL, NULL, NULL, 1, NULL, 0, NULL, NULL);
INSERT INTO BFW_ENT_VIEWS (ENTITYNAME, VIEWNAME, SQL_SELECT, SQL_INSERT, SQL_INSERTDEF, SQL_UPDATE, SQL_DELETE, SQL_REFRESH, SQL_TITLE, READONLY, PKEY, IS_EXEC, TITLE, OPTIONS) VALUES ('CBR_ROOM', 'List', 'select id, name from cbr_rooms', NULL, NULL, NULL, 'delete from cbr_rooms where id = :id', 'select id, name from cbr_rooms where id = :id', NULL, 1, 'ID', 0, NULL, NULL);
INSERT INTO BFW_ENT_VIEWS (ENTITYNAME, VIEWNAME, SQL_SELECT, SQL_INSERT, SQL_INSERTDEF, SQL_UPDATE, SQL_DELETE, SQL_REFRESH, SQL_TITLE, READONLY, PKEY, IS_EXEC, TITLE, OPTIONS) VALUES ('CBR_ROOM', 'New', 'select id, name from cbr_rooms where id is null', 'insert into cbr_rooms(id, name) values(:id, :name)', 'select gen_id(cbr_gen, 1) id from rdb$database', NULL, NULL, NULL, NULL, 0, NULL, 0, NULL, NULL);
INSERT INTO BFW_ENT_VIEWS (ENTITYNAME, VIEWNAME, SQL_SELECT, SQL_INSERT, SQL_INSERTDEF, SQL_UPDATE, SQL_DELETE, SQL_REFRESH, SQL_TITLE, READONLY, PKEY, IS_EXEC, TITLE, OPTIONS) VALUES ('CBR_TBL', 'Item', 'select id, name, room_id, state_id from cbr_tbl where id = :id', NULL, NULL, 'update cbr_tbl set name = :name, room_id = :room_id, state_id = :state_id where id = :id', NULL, NULL, NULL, 0, NULL, 0, NULL, NULL);
INSERT INTO BFW_ENT_VIEWS (ENTITYNAME, VIEWNAME, SQL_SELECT, SQL_INSERT, SQL_INSERTDEF, SQL_UPDATE, SQL_DELETE, SQL_REFRESH, SQL_TITLE, READONLY, PKEY, IS_EXEC, TITLE, OPTIONS) VALUES ('CBR_TBL', 'States', 'select * from inf_sp_enum_lookup(''CBR'', ''-'', 1)', NULL, NULL, NULL, NULL, NULL, NULL, 1, NULL, 0, NULL, NULL);
INSERT INTO BFW_ENT_VIEWS (ENTITYNAME, VIEWNAME, SQL_SELECT, SQL_INSERT, SQL_INSERTDEF, SQL_UPDATE, SQL_DELETE, SQL_REFRESH, SQL_TITLE, READONLY, PKEY, IS_EXEC, TITLE, OPTIONS) VALUES ('CBR_ROOM', 'Item', 'select id, name from cbr_rooms where id = :id', NULL, NULL, 'update cbr_rooms set name = :name where id = :id', NULL, NULL, NULL, 0, NULL, 0, NULL, NULL);
INSERT INTO BFW_ENT_VIEWS (ENTITYNAME, VIEWNAME, SQL_SELECT, SQL_INSERT, SQL_INSERTDEF, SQL_UPDATE, SQL_DELETE, SQL_REFRESH, SQL_TITLE, READONLY, PKEY, IS_EXEC, TITLE, OPTIONS) VALUES ('CBR_PRICE_TYP', 'Lookup', 'select id, name from cbr_price_typ order by name', NULL, NULL, NULL, NULL, NULL, NULL, 1, NULL, 0, NULL, NULL);
INSERT INTO BFW_ENT_VIEWS (ENTITYNAME, VIEWNAME, SQL_SELECT, SQL_INSERT, SQL_INSERTDEF, SQL_UPDATE, SQL_DELETE, SQL_REFRESH, SQL_TITLE, READONLY, PKEY, IS_EXEC, TITLE, OPTIONS) VALUES ('CBR_PRICE', 'Selector', 'select * from cbr_ev_price_list_sel(:dat, :typ_id)', NULL, NULL, NULL, NULL, NULL, NULL, 0, NULL, 0, NULL, NULL);
INSERT INTO BFW_ENT_VIEWS (ENTITYNAME, VIEWNAME, SQL_SELECT, SQL_INSERT, SQL_INSERTDEF, SQL_UPDATE, SQL_DELETE, SQL_REFRESH, SQL_TITLE, READONLY, PKEY, IS_EXEC, TITLE, OPTIONS) VALUES ('CBR_WD_VIEW', 'Tables', 'select t.id, r.name room, t.name 
from cbr_tbl t left join cbr_rooms r on (r.id = t.room_id) 
where (t.room_id = :room_id) or (:room_id = -1)
order by r.name, t.name', NULL, NULL, NULL, NULL, NULL, NULL, 1, NULL, 0, NULL, NULL);
INSERT INTO BFW_ENT_VIEWS (ENTITYNAME, VIEWNAME, SQL_SELECT, SQL_INSERT, SQL_INSERTDEF, SQL_UPDATE, SQL_DELETE, SQL_REFRESH, SQL_TITLE, READONLY, PKEY, IS_EXEC, TITLE, OPTIONS) VALUES ('CBR_PRICE', 'SelectorInfo', 'select * from cbr_ev_price_list_sel(:dat, :typ_id)', NULL, NULL, NULL, NULL, NULL, NULL, 1, NULL, 0, NULL, NULL);
INSERT INTO BFW_ENT_VIEWS (ENTITYNAME, VIEWNAME, SQL_SELECT, SQL_INSERT, SQL_INSERTDEF, SQL_UPDATE, SQL_DELETE, SQL_REFRESH, SQL_TITLE, READONLY, PKEY, IS_EXEC, TITLE, OPTIONS) VALUES ('CBR_ORD_DESK', 'Menu', 'select * from cbr_ev_ord_desk_menu(:grp_id, :parent_id)', NULL, NULL, NULL, NULL, NULL, NULL, 1, NULL, 0, NULL, NULL);
INSERT INTO BFW_ENT_VIEWS (ENTITYNAME, VIEWNAME, SQL_SELECT, SQL_INSERT, SQL_INSERTDEF, SQL_UPDATE, SQL_DELETE, SQL_REFRESH, SQL_TITLE, READONLY, PKEY, IS_EXEC, TITLE, OPTIONS) VALUES ('CBR_ORD_DESK', 'Payt', 'select * from cbr_ev_ord_payt(:id)', NULL, NULL, 'execute procedure cbr_ev_ord_payt_u(:id, :summ_payt)', NULL, NULL, NULL, 0, NULL, 0, NULL, NULL);
INSERT INTO BFW_ENT_VIEWS (ENTITYNAME, VIEWNAME, SQL_SELECT, SQL_INSERT, SQL_INSERTDEF, SQL_UPDATE, SQL_DELETE, SQL_REFRESH, SQL_TITLE, READONLY, PKEY, IS_EXEC, TITLE, OPTIONS) VALUES ('CBR_ORD_DESK', 'Header', 'select h.id, t.name tbl, r.name room,  h.idat, 
          h.state_id,
          (select e.name from inf_sp_enum_get(''cbr_ord'', ''state_id'', h.state_id) e)  state,
         sum(i.qty * i.price) summ
from cbr_ord h
     left join cbr_tbl t on (h.tbl_id = t.id) 
     left join cbr_rooms r on (r.id = t.room_id)
     left join cbr_ordi i on (i.hid = h.id)
where h.id = :id
group by h.id, t.name, r.name, h.idat, h.state_id', NULL, NULL, NULL, NULL, NULL, NULL, 1, NULL, 0, NULL, NULL);
INSERT INTO BFW_ENT_VIEWS (ENTITYNAME, VIEWNAME, SQL_SELECT, SQL_INSERT, SQL_INSERTDEF, SQL_UPDATE, SQL_DELETE, SQL_REFRESH, SQL_TITLE, READONLY, PKEY, IS_EXEC, TITLE, OPTIONS) VALUES ('CBR_WD_VIEW', 'TableInfo', 'select t.id, r.name room, t.name from cbr_tbl t left join cbr_rooms r on (r.id = t.room_id)  where t.id = :tbl_id', NULL, NULL, NULL, NULL, NULL, NULL, 1, NULL, 0, NULL, NULL);
INSERT INTO BFW_ENT_VIEWS (ENTITYNAME, VIEWNAME, SQL_SELECT, SQL_INSERT, SQL_INSERTDEF, SQL_UPDATE, SQL_DELETE, SQL_REFRESH, SQL_TITLE, READONLY, PKEY, IS_EXEC, TITLE, OPTIONS) VALUES ('CBR_WD_VIEW', 'Orders', 'select h.id, 
         (select e.name from inf_sp_enum_get(''cbr_ord'', ''state_id'', h.state_id) e)  state,
        h.last_act_time, 
        sum(i.qty * i.price) summ
from cbr_ord h    
     left join cbr_ordi i on (i.hid = h.id)
where h.tbl_id = :tbl_id and h.state_id < 3
group by   h.last_act_time, h.state_id,  h.id', NULL, NULL, NULL, NULL, NULL, NULL, 1, NULL, 0, NULL, NULL);
INSERT INTO BFW_ENT_VIEWS (ENTITYNAME, VIEWNAME, SQL_SELECT, SQL_INSERT, SQL_INSERTDEF, SQL_UPDATE, SQL_DELETE, SQL_REFRESH, SQL_TITLE, READONLY, PKEY, IS_EXEC, TITLE, OPTIONS) VALUES ('CBR_ORD', 'States', 'select * from inf_sp_states_list(''CBR_ORD'')', NULL, NULL, NULL, NULL, NULL, NULL, 1, NULL, 0, NULL, NULL);
INSERT INTO BFW_ENT_VIEWS (ENTITYNAME, VIEWNAME, SQL_SELECT, SQL_INSERT, SQL_INSERTDEF, SQL_UPDATE, SQL_DELETE, SQL_REFRESH, SQL_TITLE, READONLY, PKEY, IS_EXEC, TITLE, OPTIONS) VALUES ('UTL_JRN', 'Selector', 'select * from utl_ev_jrn_selector(:date1, :date2)', NULL, NULL, NULL, NULL, NULL, NULL, 0, NULL, 0, NULL, NULL);
INSERT INTO BFW_ENT_VIEWS (ENTITYNAME, VIEWNAME, SQL_SELECT, SQL_INSERT, SQL_INSERTDEF, SQL_UPDATE, SQL_DELETE, SQL_REFRESH, SQL_TITLE, READONLY, PKEY, IS_EXEC, TITLE, OPTIONS) VALUES ('UTL_JRN', 'SelectorInfo', 'select * from utl_ev_jrn_selectorinfo(:use_drange, :date1, :date2)', NULL, NULL, NULL, NULL, NULL, NULL, 1, NULL, 0, NULL, NULL);
INSERT INTO BFW_ENT_VIEWS (ENTITYNAME, VIEWNAME, SQL_SELECT, SQL_INSERT, SQL_INSERTDEF, SQL_UPDATE, SQL_DELETE, SQL_REFRESH, SQL_TITLE, READONLY, PKEY, IS_EXEC, TITLE, OPTIONS) VALUES ('CBR_ORD_DESK', 'MenuGrp', 'select g.id, g.name from cbr_menu_grp g
where  g.is_addon = 0 and
 exists(select * from cbr_menu m where m.grp_id = g.id and m.state_id = 1)
order by g.idx', NULL, NULL, NULL, NULL, NULL, NULL, 1, NULL, 0, NULL, NULL);
INSERT INTO BFW_ENT_VIEWS (ENTITYNAME, VIEWNAME, SQL_SELECT, SQL_INSERT, SQL_INSERTDEF, SQL_UPDATE, SQL_DELETE, SQL_REFRESH, SQL_TITLE, READONLY, PKEY, IS_EXEC, TITLE, OPTIONS) VALUES ('CBR_ORD_DESK', 'CreateHeader', 'select * from cbr_ev_ord_create(:tbl_id)', NULL, NULL, NULL, NULL, NULL, NULL, 1, NULL, 0, NULL, NULL);
INSERT INTO BFW_ENT_VIEWS (ENTITYNAME, VIEWNAME, SQL_SELECT, SQL_INSERT, SQL_INSERTDEF, SQL_UPDATE, SQL_DELETE, SQL_REFRESH, SQL_TITLE, READONLY, PKEY, IS_EXEC, TITLE, OPTIONS) VALUES ('UTL_JRN', 'States', 'select * from utl_ev_jrn_states(:tablename)', NULL, NULL, NULL, NULL, NULL, NULL, 1, NULL, 0, NULL, NULL);
INSERT INTO BFW_ENT_VIEWS (ENTITYNAME, VIEWNAME, SQL_SELECT, SQL_INSERT, SQL_INSERTDEF, SQL_UPDATE, SQL_DELETE, SQL_REFRESH, SQL_TITLE, READONLY, PKEY, IS_EXEC, TITLE, OPTIONS) VALUES ('CBR_ORD', 'Head', 'select * from cbr_ev_ord_head(:id)', NULL, NULL, NULL, NULL, NULL, NULL, 0, NULL, 0, NULL, NULL);
INSERT INTO BFW_ENT_VIEWS (ENTITYNAME, VIEWNAME, SQL_SELECT, SQL_INSERT, SQL_INSERTDEF, SQL_UPDATE, SQL_DELETE, SQL_REFRESH, SQL_TITLE, READONLY, PKEY, IS_EXEC, TITLE, OPTIONS) VALUES ('CBR_ORD_DESK', 'Items', 'select * from cbr_ev_ord_details(null, :hid)', 'insert into cbr_ordi(id, hid, menu_id, qty, price, parent_id) values(:id, :hid, :menu_id, :qty, :price, :parent_id)', '', 'update cbr_ordi set qty = :qty where id = :id', 'execute procedure cbr_ev_ord_detail_del(:id)', 'select * from cbr_ev_ord_details(:id, null)', NULL, 0, NULL, 0, NULL, NULL);
INSERT INTO BFW_ENT_VIEWS (ENTITYNAME, VIEWNAME, SQL_SELECT, SQL_INSERT, SQL_INSERTDEF, SQL_UPDATE, SQL_DELETE, SQL_REFRESH, SQL_TITLE, READONLY, PKEY, IS_EXEC, TITLE, OPTIONS) VALUES ('CBR_ORD_DESK', 'KOrd', 'select * from cbr_ev_kord_create(:ord_id)', NULL, NULL, NULL, NULL, NULL, NULL, 1, NULL, 0, NULL, NULL);
INSERT INTO BFW_ENT_VIEWS (ENTITYNAME, VIEWNAME, SQL_SELECT, SQL_INSERT, SQL_INSERTDEF, SQL_UPDATE, SQL_DELETE, SQL_REFRESH, SQL_TITLE, READONLY, PKEY, IS_EXEC, TITLE, OPTIONS) VALUES ('CBR_KORD', 'Create', 'select * from cbr_ev_kord_create(:ord_id)', NULL, NULL, NULL, NULL, NULL, NULL, 1, NULL, 0, NULL, NULL);
INSERT INTO BFW_ENT_VIEWS (ENTITYNAME, VIEWNAME, SQL_SELECT, SQL_INSERT, SQL_INSERTDEF, SQL_UPDATE, SQL_DELETE, SQL_REFRESH, SQL_TITLE, READONLY, PKEY, IS_EXEC, TITLE, OPTIONS) VALUES ('CBR_ORD', 'PreCheck', 'execute procedure cbr_ev_ord_precheck(:id)', NULL, NULL, NULL, NULL, NULL, NULL, 1, NULL, 1, NULL, NULL);
INSERT INTO BFW_ENT_VIEWS (ENTITYNAME, VIEWNAME, SQL_SELECT, SQL_INSERT, SQL_INSERTDEF, SQL_UPDATE, SQL_DELETE, SQL_REFRESH, SQL_TITLE, READONLY, PKEY, IS_EXEC, TITLE, OPTIONS) VALUES ('CBR_ORD_DESK', 'ItemInit', 'select * from cbr_ev_ord_detail_new(:hid, :menu_id, :parent_id)', NULL, NULL, NULL, NULL, NULL, NULL, 1, NULL, 0, NULL, NULL);
INSERT INTO BFW_ENT_VIEWS (ENTITYNAME, VIEWNAME, SQL_SELECT, SQL_INSERT, SQL_INSERTDEF, SQL_UPDATE, SQL_DELETE, SQL_REFRESH, SQL_TITLE, READONLY, PKEY, IS_EXEC, TITLE, OPTIONS) VALUES ('CBR_ORD', 'Payt', 'update cbr_ord set state_id = 3 where id = :id', NULL, NULL, NULL, NULL, NULL, NULL, 1, NULL, 1, NULL, NULL);
INSERT INTO BFW_ENT_VIEWS (ENTITYNAME, VIEWNAME, SQL_SELECT, SQL_INSERT, SQL_INSERTDEF, SQL_UPDATE, SQL_DELETE, SQL_REFRESH, SQL_TITLE, READONLY, PKEY, IS_EXEC, TITLE, OPTIONS) VALUES ('CBR_WD_VIEW', 'Rooms', 'select id, name from cbr_rooms', NULL, NULL, NULL, NULL, NULL, NULL, 1, NULL, 0, NULL, NULL);
INSERT INTO BFW_ENT_VIEWS (ENTITYNAME, VIEWNAME, SQL_SELECT, SQL_INSERT, SQL_INSERTDEF, SQL_UPDATE, SQL_DELETE, SQL_REFRESH, SQL_TITLE, READONLY, PKEY, IS_EXEC, TITLE, OPTIONS) VALUES ('CBR_ORD', 'List', 'select * from cbr_ev_ord_list(null, :dat1, :dat2)', NULL, NULL, NULL, NULL, 'select * from cbr_ev_ord_list(:id, :dat1, :dat2)', NULL, 1, 'ID', 0, NULL, NULL);
INSERT INTO BFW_ENT_VIEWS (ENTITYNAME, VIEWNAME, SQL_SELECT, SQL_INSERT, SQL_INSERTDEF, SQL_UPDATE, SQL_DELETE, SQL_REFRESH, SQL_TITLE, READONLY, PKEY, IS_EXEC, TITLE, OPTIONS) VALUES ('CBR_MENU_GRP', 'AddonLookup', 'select id, name from cbr_menu_grp where  is_addon = 1', NULL, NULL, NULL, NULL, NULL, NULL, 1, NULL, 0, NULL, NULL);
INSERT INTO BFW_ENT_VIEWS (ENTITYNAME, VIEWNAME, SQL_SELECT, SQL_INSERT, SQL_INSERTDEF, SQL_UPDATE, SQL_DELETE, SQL_REFRESH, SQL_TITLE, READONLY, PKEY, IS_EXEC, TITLE, OPTIONS) VALUES ('CBR_ORD', 'Selector', 'select * from cbr_ev_ord_selector(:dat1, :dat2)', NULL, '', NULL, NULL, NULL, NULL, 0, NULL, 0, NULL, NULL);
INSERT INTO BFW_ENT_VIEWS (ENTITYNAME, VIEWNAME, SQL_SELECT, SQL_INSERT, SQL_INSERTDEF, SQL_UPDATE, SQL_DELETE, SQL_REFRESH, SQL_TITLE, READONLY, PKEY, IS_EXEC, TITLE, OPTIONS) VALUES ('CBR_ORD', 'SelectorInfo', 'select * from cbr_ev_ord_selector(:date1, :date2)', NULL, NULL, NULL, NULL, NULL, NULL, 1, NULL, 0, NULL, NULL);
INSERT INTO BFW_ENT_VIEWS (ENTITYNAME, VIEWNAME, SQL_SELECT, SQL_INSERT, SQL_INSERTDEF, SQL_UPDATE, SQL_DELETE, SQL_REFRESH, SQL_TITLE, READONLY, PKEY, IS_EXEC, TITLE, OPTIONS) VALUES ('CBR_ORD', 'DetailItems', 'select m.id,
        m.name, sum(i.qty) qty, sum(i.qty * i.price) summ
from  cbr_ordi i
     left join cbr_menu m on (i.menu_id = m.id)
where i.hid = :hid
group by m.id, m.name
order by m.name', NULL, NULL, NULL, NULL, NULL, NULL, 1, NULL, 0, 'Блюда', NULL);
INSERT INTO BFW_ENT_VIEWS (ENTITYNAME, VIEWNAME, SQL_SELECT, SQL_INSERT, SQL_INSERTDEF, SQL_UPDATE, SQL_DELETE, SQL_REFRESH, SQL_TITLE, READONLY, PKEY, IS_EXEC, TITLE, OPTIONS) VALUES ('CBR_ORD', 'DetailKOrd', 'select h.id, h.idat from cbr_kord h where h.ord_id = :hid', NULL, NULL, NULL, NULL, NULL, NULL, 1, NULL, 0, 'Бегунки', NULL);
INSERT INTO BFW_ENT_VIEWS (ENTITYNAME, VIEWNAME, SQL_SELECT, SQL_INSERT, SQL_INSERTDEF, SQL_UPDATE, SQL_DELETE, SQL_REFRESH, SQL_TITLE, READONLY, PKEY, IS_EXEC, TITLE, OPTIONS) VALUES ('CBR_ORD', 'HeadEdit', 'select * from cbr_ev_ord_head(:id)', NULL, NULL, NULL, NULL, NULL, NULL, 0, 'ID', 0, NULL, NULL);
INSERT INTO BFW_ENT_VIEWS (ENTITYNAME, VIEWNAME, SQL_SELECT, SQL_INSERT, SQL_INSERTDEF, SQL_UPDATE, SQL_DELETE, SQL_REFRESH, SQL_TITLE, READONLY, PKEY, IS_EXEC, TITLE, OPTIONS) VALUES ('CBR_ORD', 'BackToActive', 'update cbr_ord set state_id = 1 where id = :id', NULL, NULL, NULL, NULL, NULL, NULL, 1, 'ID', 1, '', NULL);
INSERT INTO BFW_ENT_VIEWS (ENTITYNAME, VIEWNAME, SQL_SELECT, SQL_INSERT, SQL_INSERTDEF, SQL_UPDATE, SQL_DELETE, SQL_REFRESH, SQL_TITLE, READONLY, PKEY, IS_EXEC, TITLE, OPTIONS) VALUES ('CBR_ORD', 'ItemURI', 'select h.id , cast(''views.CBR_ORDER.Desk'' as varchar(50)) uri
from cbr_ord h where h.id = :id and state_id < 2
union all
select h.id , cast(''views.CBR_ORDER.Payt'' as varchar(50)) uri
from cbr_ord h where h.id = :id and state_id = 2', NULL, NULL, NULL, NULL, NULL, NULL, 1, 'ID', 0, NULL, NULL);
INSERT INTO BFW_ENT_VIEWS (ENTITYNAME, VIEWNAME, SQL_SELECT, SQL_INSERT, SQL_INSERTDEF, SQL_UPDATE, SQL_DELETE, SQL_REFRESH, SQL_TITLE, READONLY, PKEY, IS_EXEC, TITLE, OPTIONS) VALUES ('CBR_ORD', 'Delete', 'execute procedure cbr_ev_ord_del(:id)', NULL, NULL, NULL, NULL, NULL, NULL, 1, NULL, 1, NULL, NULL);

COMMIT WORK;

INSERT INTO BFW_SEC_POLICIES (POLID, NAME, PARENTID, STATE, USE_RES, RES_PROVID, RES_PARENT_SQL) VALUES ('APP.ACTIVITIES', 'Доступ к функциям программы', NULL, 1, 1, 'security.resprovider.app.activities', NULL);
INSERT INTO BFW_SEC_POLICIES (POLID, NAME, PARENTID, STATE, USE_RES, RES_PROVID, RES_PARENT_SQL) VALUES ('ADMIN', 'Административные разрешения', NULL, 1, 0, NULL, NULL);

COMMIT WORK;

INSERT INTO BFW_SEC_PERMISSIONS (PERMID, NAME, POLID, INHERITBY, INHERITBY_RES_SQL, DESCRIPTION) VALUES ('app.activity.execute', 'Выполнить', 'APP.ACTIVITIES', NULL, NULL, NULL);
INSERT INTO BFW_SEC_PERMISSIONS (PERMID, NAME, POLID, INHERITBY, INHERITBY_RES_SQL, DESCRIPTION) VALUES ('builtin.unrestricted', 'Неограниченный доступ', 'ADMIN', NULL, NULL, NULL);

COMMIT WORK;

INSERT INTO BFW_SEC_USERS (USERID, NAME, ISROLE) VALUES ('SYSDBA', 'Админ. БД', 0);

COMMIT WORK;

INSERT INTO BFW_SEC_ACL (PERMID, USERID, RESID, STATE) VALUES ('builtin.unrestricted', 'SYSDBA', '', 1);

COMMIT WORK;

INSERT INTO BFW_UI (URI, CLS, ENTITYNAME, VIEWNAME, TITLE, GRP, MENUIDX, OPTIONS, PARAMS, OUTS, USEPERM, PKG) VALUES ('views.ENTITY.ItemDef', 'IEntityItemDef', '-', NULL, '-', NULL, 0, 'DefaultURI=views.%s.Item;EViewURI=ItemURI;EViewURIField=URI', 'ID', NULL, 0, NULL);
INSERT INTO BFW_UI (URI, CLS, ENTITYNAME, VIEWNAME, TITLE, GRP, MENUIDX, OPTIONS, PARAMS, OUTS, USEPERM, PKG) VALUES ('views.ENTITY.DetailDef', 'IEntityItemDef', '-', NULL, '-', NULL, 0, 'DefaultURI=views.%s.Detail;EViewURI=DetailURI;EViewURIField=URI', 'ID', NULL, 0, NULL);
INSERT INTO BFW_UI (URI, CLS, ENTITYNAME, VIEWNAME, TITLE, GRP, MENUIDX, OPTIONS, PARAMS, OUTS, USEPERM, PKG) VALUES ('views.ENTITY.NewDef', 'IEntityNewDef', '-', NULL, '-', NULL, 0, 'DefaultURI=views.%s.New', NULL, NULL, 0, NULL);
INSERT INTO BFW_UI (URI, CLS, ENTITYNAME, VIEWNAME, TITLE, GRP, MENUIDX, OPTIONS, PARAMS, OUTS, USEPERM, PKG) VALUES ('views.ENTITY.DetailNewDef', 'IEntityNewDef', '-', '', '-', NULL, 0, 'DefaultURI=views.%s.DetailNew', 'HID', NULL, 0, NULL);
INSERT INTO BFW_UI (URI, CLS, ENTITYNAME, VIEWNAME, TITLE, GRP, MENUIDX, OPTIONS, PARAMS, OUTS, USEPERM, PKG) VALUES ('views.CBR_MENU.List', 'IEntityListView', 'CBR_MENU', 'List', 'Меню', 'Система', 1, 'CanEdit', NULL, NULL, 0, 'CBR');
INSERT INTO BFW_UI (URI, CLS, ENTITYNAME, VIEWNAME, TITLE, GRP, MENUIDX, OPTIONS, PARAMS, OUTS, USEPERM, PKG) VALUES ('views.CBR_PRICE_TYP.List', 'IEntityListView', 'CBR_PRICE_TYP', 'List', 'Типы цен', NULL, 0, 'CanEdit', NULL, NULL, 0, 'CBR');
INSERT INTO BFW_UI (URI, CLS, ENTITYNAME, VIEWNAME, TITLE, GRP, MENUIDX, OPTIONS, PARAMS, OUTS, USEPERM, PKG) VALUES ('views.CBR_WAITER_DESK.view', 'views.CBR_WAITER_DESK.view', '-', NULL, 'Заказы', 'Система', 5, NULL, NULL, NULL, 0, 'CBR');
INSERT INTO BFW_UI (URI, CLS, ENTITYNAME, VIEWNAME, TITLE, GRP, MENUIDX, OPTIONS, PARAMS, OUTS, USEPERM, PKG) VALUES ('views.CBR_PRICE_TYP.New', 'IEntityNewView', 'CBR_PRICE_TYP', 'New', 'Новый тип цены', NULL, 0, NULL, NULL, NULL, 0, 'CBR');
INSERT INTO BFW_UI (URI, CLS, ENTITYNAME, VIEWNAME, TITLE, GRP, MENUIDX, OPTIONS, PARAMS, OUTS, USEPERM, PKG) VALUES ('views.CBR_PRICE_TYP.Item', 'IEntityItemView', 'CBR_PRICE_TYP', 'Item', 'Тип цены', NULL, 0, NULL, 'ID', NULL, 0, 'CBR');
INSERT INTO BFW_UI (URI, CLS, ENTITYNAME, VIEWNAME, TITLE, GRP, MENUIDX, OPTIONS, PARAMS, OUTS, USEPERM, PKG) VALUES ('views.CBR_MENU.New', 'IEntityNewView', 'CBR_MENU', 'New', 'Новое блюдо', NULL, 0, NULL, NULL, NULL, 0, 'CBR');
INSERT INTO BFW_UI (URI, CLS, ENTITYNAME, VIEWNAME, TITLE, GRP, MENUIDX, OPTIONS, PARAMS, OUTS, USEPERM, PKG) VALUES ('views.CBR_ORDER_DESK.Item', 'views.CBR_ORDER_DESK.Item', '-', NULL, 'Заказ', NULL, 0, NULL, 'ID', NULL, 0, NULL);
INSERT INTO BFW_UI (URI, CLS, ENTITYNAME, VIEWNAME, TITLE, GRP, MENUIDX, OPTIONS, PARAMS, OUTS, USEPERM, PKG) VALUES ('views.CBR_ORDER_DESK.New', 'views.CBR_ORDER_DESK.New', '-', NULL, 'Новый заказ', NULL, 0, NULL, 'TBL_ID', NULL, 0, NULL);
INSERT INTO BFW_UI (URI, CLS, ENTITYNAME, VIEWNAME, TITLE, GRP, MENUIDX, OPTIONS, PARAMS, OUTS, USEPERM, PKG) VALUES ('views.CBR_PRICE.List', 'IEntityListView', 'CBR_PRICE', 'List', 'Цены', 'Система', 2, 'UseSelector', NULL, NULL, 0, 'CBR');
INSERT INTO BFW_UI (URI, CLS, ENTITYNAME, VIEWNAME, TITLE, GRP, MENUIDX, OPTIONS, PARAMS, OUTS, USEPERM, PKG) VALUES ('views.CBR_PRICE.Selector', 'IEntitySelectorView', 'CBR_PRICE', 'Selector', 'Параметры', NULL, 0, NULL, 'DAT;TYP_ID', 'DAT;TYP_ID', 0, 'CBR');
INSERT INTO BFW_UI (URI, CLS, ENTITYNAME, VIEWNAME, TITLE, GRP, MENUIDX, OPTIONS, PARAMS, OUTS, USEPERM, PKG) VALUES ('views.CBR_MENU.Item', 'IEntityItemView', 'CBR_MENU', 'Item', 'Блюдо', NULL, 0, NULL, 'id', NULL, 0, 'CBR');
INSERT INTO BFW_UI (URI, CLS, ENTITYNAME, VIEWNAME, TITLE, GRP, MENUIDX, OPTIONS, PARAMS, OUTS, USEPERM, PKG) VALUES ('views.CBR_UI.MainMenu', 'IEntityDeskMenuView', 'CBR_UI', 'MainMenu', 'CaBaRe System', NULL, 0, NULL, NULL, NULL, 0, 'CBR');
INSERT INTO BFW_UI (URI, CLS, ENTITYNAME, VIEWNAME, TITLE, GRP, MENUIDX, OPTIONS, PARAMS, OUTS, USEPERM, PKG) VALUES ('views.CBR_MENU_GRP.List', 'IEntityListView', 'CBR_MENU_GRP', 'List', 'Группы меню', NULL, 0, 'CanEdit', NULL, NULL, 0, 'CBR');
INSERT INTO BFW_UI (URI, CLS, ENTITYNAME, VIEWNAME, TITLE, GRP, MENUIDX, OPTIONS, PARAMS, OUTS, USEPERM, PKG) VALUES ('views.CBR_MENU_GRP.New', 'IEntityNewView', 'CBR_MENU_GRP', 'New', 'Новая группа меню', NULL, 0, NULL, NULL, NULL, 0, 'CBR');
INSERT INTO BFW_UI (URI, CLS, ENTITYNAME, VIEWNAME, TITLE, GRP, MENUIDX, OPTIONS, PARAMS, OUTS, USEPERM, PKG) VALUES ('views.CBR_MENU_GRP.Item', 'IEntityItemView', 'CBR_MENU_GRP', 'Item', 'Группа меню', NULL, 0, NULL, 'ID', NULL, 0, 'CBR');
INSERT INTO BFW_UI (URI, CLS, ENTITYNAME, VIEWNAME, TITLE, GRP, MENUIDX, OPTIONS, PARAMS, OUTS, USEPERM, PKG) VALUES ('views.CBR_TBL.List', 'IEntityListView', 'CBR_TBL', 'List', 'Столы', 'Система', 3, 'CanEdit', NULL, NULL, 0, 'CBR');
INSERT INTO BFW_UI (URI, CLS, ENTITYNAME, VIEWNAME, TITLE, GRP, MENUIDX, OPTIONS, PARAMS, OUTS, USEPERM, PKG) VALUES ('views.CBR_TBL.New', 'IEntityNewView', 'CBR_TBL', 'New', 'Новый стол', NULL, 0, NULL, NULL, NULL, 0, 'CBR');
INSERT INTO BFW_UI (URI, CLS, ENTITYNAME, VIEWNAME, TITLE, GRP, MENUIDX, OPTIONS, PARAMS, OUTS, USEPERM, PKG) VALUES ('views.CBR_ROOM.List', 'IEntityListView', 'CBR_ROOM', 'List', 'Список залов', NULL, 0, 'CanEdit', NULL, NULL, 0, 'CBR');
INSERT INTO BFW_UI (URI, CLS, ENTITYNAME, VIEWNAME, TITLE, GRP, MENUIDX, OPTIONS, PARAMS, OUTS, USEPERM, PKG) VALUES ('views.CBR_ROOM.New', 'IEntityNewView', 'CBR_ROOM', 'New', 'Новый зал', NULL, 0, NULL, NULL, NULL, 0, 'CBR');
INSERT INTO BFW_UI (URI, CLS, ENTITYNAME, VIEWNAME, TITLE, GRP, MENUIDX, OPTIONS, PARAMS, OUTS, USEPERM, PKG) VALUES ('views.CBR_TBL.Item', 'IEntityItemView', 'CBR_TBL', 'Item', 'Стол', NULL, 0, NULL, 'ID', NULL, 0, 'CBR');
INSERT INTO BFW_UI (URI, CLS, ENTITYNAME, VIEWNAME, TITLE, GRP, MENUIDX, OPTIONS, PARAMS, OUTS, USEPERM, PKG) VALUES ('views.CBR_ROOM.Item', 'IEntityItemView', 'CBR_ROOM', 'Item', 'Зал', NULL, 0, NULL, 'id', NULL, 0, 'CBR');
INSERT INTO BFW_UI (URI, CLS, ENTITYNAME, VIEWNAME, TITLE, GRP, MENUIDX, OPTIONS, PARAMS, OUTS, USEPERM, PKG) VALUES ('activities.KORDER.Create', 'activities.KORDER.Create', '-', '-', '-', NULL, 0, NULL, 'ORD_ID', NULL, 0, '');
INSERT INTO BFW_UI (URI, CLS, ENTITYNAME, VIEWNAME, TITLE, GRP, MENUIDX, OPTIONS, PARAMS, OUTS, USEPERM, PKG) VALUES ('views.UTL_JRN.Selector', 'IEntitySelectorView', 'UTL_JRN', 'Selector', 'Отбор', NULL, 0, '', 'DATE1;DATE2', 'DATE1;DATE2', 0, 'MISC');
INSERT INTO BFW_UI (URI, CLS, ENTITYNAME, VIEWNAME, TITLE, GRP, MENUIDX, OPTIONS, PARAMS, OUTS, USEPERM, PKG) VALUES ('views.CBR_ORD.Item', 'IEntityItemExtView', 'CBR_ORD', 'Head', 'Заказ', NULL, 0, 'DetailEViews=DetailItems,DetailKOrd', 'ID', NULL, 0, 'CBR');
INSERT INTO BFW_UI (URI, CLS, ENTITYNAME, VIEWNAME, TITLE, GRP, MENUIDX, OPTIONS, PARAMS, OUTS, USEPERM, PKG) VALUES ('views.BFW_IDE_ENT.List', 'IEntityListView', 'BFW_IDE_ENT', 'List', 'Entities', NULL, 0, 'CanEdit', NULL, NULL, 1, 'BFW.IDE');
INSERT INTO BFW_UI (URI, CLS, ENTITYNAME, VIEWNAME, TITLE, GRP, MENUIDX, OPTIONS, PARAMS, OUTS, USEPERM, PKG) VALUES ('views.BFW_IDE_ENT.Item', 'IEntityItemView', 'BFW_IDE_ENT', 'Item', 'Entity', NULL, 0, NULL, 'ID', NULL, 1, 'BFW.IDE');
INSERT INTO BFW_UI (URI, CLS, ENTITYNAME, VIEWNAME, TITLE, GRP, MENUIDX, OPTIONS, PARAMS, OUTS, USEPERM, PKG) VALUES ('views.BFW_IDE_EVIEW.List', 'IEntityListView', 'BFW_IDE_EVIEW', 'List', 'EViews', NULL, 0, 'CanEdit;Title=ListTitle', 'ENTITYNAME', NULL, 1, 'BFW.IDE');
INSERT INTO BFW_UI (URI, CLS, ENTITYNAME, VIEWNAME, TITLE, GRP, MENUIDX, OPTIONS, PARAMS, OUTS, USEPERM, PKG) VALUES ('views.BFW_IDE_EVIEW.Item', 'IEntityItemView', 'BFW_IDE_EVIEW', 'Item', 'EView', NULL, 0, NULL, 'ENTITYNAME;VIEWNAME', NULL, 1, 'BFW.IDE');
INSERT INTO BFW_UI (URI, CLS, ENTITYNAME, VIEWNAME, TITLE, GRP, MENUIDX, OPTIONS, PARAMS, OUTS, USEPERM, PKG) VALUES ('views.BFW_IDE_UI_CLS.Item', 'IEntityItemView', 'BFW_IDE_UI_CLS', 'Item', 'UI Class Item', NULL, 0, NULL, 'ID', NULL, 0, 'BFW.IDE');
INSERT INTO BFW_UI (URI, CLS, ENTITYNAME, VIEWNAME, TITLE, GRP, MENUIDX, OPTIONS, PARAMS, OUTS, USEPERM, PKG) VALUES ('views.BFW_IDE_UI.List', 'IEntityListView', 'BFW_IDE_UI', 'List', 'UI List', NULL, 0, 'CanEdit;Title=ListTitle', 'PKG', NULL, 1, 'BFW.IDE');
INSERT INTO BFW_UI (URI, CLS, ENTITYNAME, VIEWNAME, TITLE, GRP, MENUIDX, OPTIONS, PARAMS, OUTS, USEPERM, PKG) VALUES ('views.BFW_IDE_UI.New', 'IEntityNewView', 'BFW_IDE_UI', 'New', 'New UI', NULL, 0, 'Next=views.BFW_IDE_UI.Item', 'PKG', NULL, 0, 'BFW.IDE');
INSERT INTO BFW_UI (URI, CLS, ENTITYNAME, VIEWNAME, TITLE, GRP, MENUIDX, OPTIONS, PARAMS, OUTS, USEPERM, PKG) VALUES ('views.BFW_IDE_UI.Item', 'IEntityItemView', 'BFW_IDE_UI', 'Item', 'UI Item', NULL, 0, NULL, 'URI', NULL, 0, 'BFW.IDE');
INSERT INTO BFW_UI (URI, CLS, ENTITYNAME, VIEWNAME, TITLE, GRP, MENUIDX, OPTIONS, PARAMS, OUTS, USEPERM, PKG) VALUES ('views.BFW_IDE_UI_FIELDS.List', 'IEntityListView', 'BFW_IDE_UI_FIELDS', 'List', 'Fields for UI', NULL, 0, 'CanEdit', 'ENTITYNAME;VIEWNAME', NULL, 0, 'BFW.IDE');
INSERT INTO BFW_UI (URI, CLS, ENTITYNAME, VIEWNAME, TITLE, GRP, MENUIDX, OPTIONS, PARAMS, OUTS, USEPERM, PKG) VALUES ('views.BFW_IDE.Main', 'IEntityListView', 'BFW_IDE', 'Packages', 'IDE', 'Сервис', 0, 'CanOpen', NULL, NULL, 1, 'BFW.IDE');
INSERT INTO BFW_UI (URI, CLS, ENTITYNAME, VIEWNAME, TITLE, GRP, MENUIDX, OPTIONS, PARAMS, OUTS, USEPERM, PKG) VALUES ('views.BFW_IDE_EVIEW.New', 'IEntityNewView', 'BFW_IDE_EVIEW', 'New', 'New EView', NULL, 0, NULL, 'ENTITYNAME', NULL, 0, 'BFW.IDE');
INSERT INTO BFW_UI (URI, CLS, ENTITYNAME, VIEWNAME, TITLE, GRP, MENUIDX, OPTIONS, PARAMS, OUTS, USEPERM, PKG) VALUES ('views.BFW_IDE_UI_FIELDS.Item', 'IEntityItemView', 'BFW_IDE_UI_FIELDS', 'Item', 'Entity view field', NULL, 0, NULL, 'ENTITYNAME,VIEWNAME,FIELDNAME', NULL, 0, 'BFW.IDE');
INSERT INTO BFW_UI (URI, CLS, ENTITYNAME, VIEWNAME, TITLE, GRP, MENUIDX, OPTIONS, PARAMS, OUTS, USEPERM, PKG) VALUES ('views.BFW_IDE_UI_FIELDS.New', 'IEntityNewView', 'BFW_IDE_UI_FIELDS', 'New', 'New field for UI', '', 0, 'Next', 'ENTITYNAME,VIEWNAME', NULL, 0, 'BFW.IDE');
INSERT INTO BFW_UI (URI, CLS, ENTITYNAME, VIEWNAME, TITLE, GRP, MENUIDX, OPTIONS, PARAMS, OUTS, USEPERM, PKG) VALUES ('views.BFW_IDE_ENT.New', 'IEntityNewView', 'BFW_IDE_ENT', 'New', 'New Entity', NULL, 0, NULL, NULL, NULL, 0, 'BFW.IDE');
INSERT INTO BFW_UI (URI, CLS, ENTITYNAME, VIEWNAME, TITLE, GRP, MENUIDX, OPTIONS, PARAMS, OUTS, USEPERM, PKG) VALUES ('views.BFW_IDE_UI_CMD.List', 'IEntityListView', 'BFW_IDE_UI_CMD', 'List', 'UI Commands', NULL, 0, 'CanEdit', 'URI', NULL, 0, 'BFW.IDE');
INSERT INTO BFW_UI (URI, CLS, ENTITYNAME, VIEWNAME, TITLE, GRP, MENUIDX, OPTIONS, PARAMS, OUTS, USEPERM, PKG) VALUES ('views.BFW_IDE_UI_CMD.Item', 'IEntityItemView', 'BFW_IDE_UI_CMD', 'Item', 'Command', NULL, 0, NULL, 'URI;CMD', NULL, 0, 'BFW.IDE');
INSERT INTO BFW_UI (URI, CLS, ENTITYNAME, VIEWNAME, TITLE, GRP, MENUIDX, OPTIONS, PARAMS, OUTS, USEPERM, PKG) VALUES ('views.BFW_IDE_UI_CMD.New', 'IEntityNewView', 'BFW_IDE_UI_CMD', 'New', 'UI Command (New)', NULL, 0, NULL, 'URI', NULL, 0, 'BFW.IDE');
INSERT INTO BFW_UI (URI, CLS, ENTITYNAME, VIEWNAME, TITLE, GRP, MENUIDX, OPTIONS, PARAMS, OUTS, USEPERM, PKG) VALUES ('views.CBR_ORD.List', 'IEntityListView', 'CBR_ORD', 'List', 'Журнал заказов', 'Система', 4, 'UseSelector', NULL, NULL, 0, 'CBR');
INSERT INTO BFW_UI (URI, CLS, ENTITYNAME, VIEWNAME, TITLE, GRP, MENUIDX, OPTIONS, PARAMS, OUTS, USEPERM, PKG) VALUES ('views.CBR_ORD.Selector', 'IEntitySelectorView', 'CBR_ORD', 'Selector', 'Отбор', NULL, 0, NULL, 'DAT1;DAT2', 'DAT1;DAT2', 0, 'CBR');
INSERT INTO BFW_UI (URI, CLS, ENTITYNAME, VIEWNAME, TITLE, GRP, MENUIDX, OPTIONS, PARAMS, OUTS, USEPERM, PKG) VALUES ('views.CBR_ORD.Head', 'IEntityItemView', 'CBR_ORD', 'HeadEdit', 'Заказ', NULL, 0, 'CanEdit', 'ID', NULL, 0, 'CBR');
INSERT INTO BFW_UI (URI, CLS, ENTITYNAME, VIEWNAME, TITLE, GRP, MENUIDX, OPTIONS, PARAMS, OUTS, USEPERM, PKG) VALUES ('views.CBR_ORD.Oper.BackToActive', 'IEntityOperExec', 'CBR_ORD', 'BackToActive', 'Возврат на обслуживание', NULL, 0, 'confirm=Вернуть заказ на обслуживание?', NULL, NULL, 0, 'CBR');
INSERT INTO BFW_UI (URI, CLS, ENTITYNAME, VIEWNAME, TITLE, GRP, MENUIDX, OPTIONS, PARAMS, OUTS, USEPERM, PKG) VALUES ('views.CBR_ORD.Item.URI', 'IEntityActivity', 'CBR_ORD', 'ItemURI', 'Заказ', NULL, 0, NULL, 'ID', 'ID', 0, 'CBR');
INSERT INTO BFW_UI (URI, CLS, ENTITYNAME, VIEWNAME, TITLE, GRP, MENUIDX, OPTIONS, PARAMS, OUTS, USEPERM, PKG) VALUES ('views.CBR_ORD.Desk', 'views.CBR_ORD.Desk', 'CBR_ORD_DESK', NULL, 'Заказ', NULL, 0, NULL, 'ID', NULL, 0, NULL);

COMMIT WORK;

INSERT INTO BFW_UI_CLS (CLS, VIEWNAME, DESCRIPTION, OPTIONS) VALUES ('IEntityListView', 'List', '{Selector;SelectorInfo,NewURI,ItemURI}', NULL);
INSERT INTO BFW_UI_CLS (CLS, VIEWNAME, DESCRIPTION, OPTIONS) VALUES ('IEntityJournalView', 'Journal', 'States{Selector;SelectorInfo,NewURI,ItemURI}', NULL);
INSERT INTO BFW_UI_CLS (CLS, VIEWNAME, DESCRIPTION, OPTIONS) VALUES ('IEntityItemView', 'Item', NULL, NULL);
INSERT INTO BFW_UI_CLS (CLS, VIEWNAME, DESCRIPTION, OPTIONS) VALUES ('IEntityNewView', 'New', NULL, NULL);
INSERT INTO BFW_UI_CLS (CLS, VIEWNAME, DESCRIPTION, OPTIONS) VALUES ('IEntityComplexView', 'Head', 'Details{DetailNewURI,DetailItemURI}', NULL);
INSERT INTO BFW_UI_CLS (CLS, VIEWNAME, DESCRIPTION, OPTIONS) VALUES ('IEntityPickListView', 'PickList', NULL, NULL);
INSERT INTO BFW_UI_CLS (CLS, VIEWNAME, DESCRIPTION, OPTIONS) VALUES ('IEntityOrgChartView', 'OrgChart', NULL, NULL);
INSERT INTO BFW_UI_CLS (CLS, VIEWNAME, DESCRIPTION, OPTIONS) VALUES ('IEntitySelectorView', 'Selector', NULL, NULL);
INSERT INTO BFW_UI_CLS (CLS, VIEWNAME, DESCRIPTION, OPTIONS) VALUES ('IEntityItemExtView', 'ItemHead', 'ItemDetailEViews;ItemDetails', NULL);
INSERT INTO BFW_UI_CLS (CLS, VIEWNAME, DESCRIPTION, OPTIONS) VALUES ('IEntityActivity', '-', NULL, NULL);
INSERT INTO BFW_UI_CLS (CLS, VIEWNAME, DESCRIPTION, OPTIONS) VALUES ('IEntityDeskView', 'Desk', NULL, NULL);
INSERT INTO BFW_UI_CLS (CLS, VIEWNAME, DESCRIPTION, OPTIONS) VALUES ('IEntityCollectView', '-', 'CollectInfo;CollectList;CollectItems', NULL);
INSERT INTO BFW_UI_CLS (CLS, VIEWNAME, DESCRIPTION, OPTIONS) VALUES ('IEntityDeskMenuView', 'Items', NULL, NULL);
INSERT INTO BFW_UI_CLS (CLS, VIEWNAME, DESCRIPTION, OPTIONS) VALUES ('IEntityTreeListView', 'List', NULL, NULL);
INSERT INTO BFW_UI_CLS (CLS, VIEWNAME, DESCRIPTION, OPTIONS) VALUES ('IEntityOperExec', '-', NULL, NULL);

COMMIT WORK;

INSERT INTO BFW_UI_CMD (URI, CMD, CAPTION, IDX, GRP, DEF, HANDLER, HANDLER_FOR, PARAMS, OUTS, OPTIONS, CONDITION, CONDITION_PARAMS, SHORTCUT) VALUES ('IEntityListView', 'commands.view.open', 'Открыть', 0, NULL, 0, 'views.ENTITY.ItemDef', NULL, 'ID=ITEM_ID', NULL, NULL, NULL, NULL, NULL);
INSERT INTO BFW_UI_CMD (URI, CMD, CAPTION, IDX, GRP, DEF, HANDLER, HANDLER_FOR, PARAMS, OUTS, OPTIONS, CONDITION, CONDITION_PARAMS, SHORTCUT) VALUES ('IEntityTreeListView', 'commands.view.open', 'Открыть', 0, NULL, 0, 'views.ENTITY.ItemDef', NULL, 'ID=ITEM_ID', NULL, NULL, NULL, NULL, NULL);
INSERT INTO BFW_UI_CMD (URI, CMD, CAPTION, IDX, GRP, DEF, HANDLER, HANDLER_FOR, PARAMS, OUTS, OPTIONS, CONDITION, CONDITION_PARAMS, SHORTCUT) VALUES ('IEntityJournalView', 'commands.view.open', 'Открыть', 0, NULL, 0, 'views.ENTITY.ItemDef', NULL, 'ID=ITEM_ID', NULL, NULL, NULL, NULL, NULL);
INSERT INTO BFW_UI_CMD (URI, CMD, CAPTION, IDX, GRP, DEF, HANDLER, HANDLER_FOR, PARAMS, OUTS, OPTIONS, CONDITION, CONDITION_PARAMS, SHORTCUT) VALUES ('IEntityCollectView', 'commands.view.open', 'Открыть', 0, NULL, 0, 'views.ENTITY.DetailDef', NULL, 'ID=ITEM_ID', NULL, NULL, NULL, NULL, NULL);
INSERT INTO BFW_UI_CMD (URI, CMD, CAPTION, IDX, GRP, DEF, HANDLER, HANDLER_FOR, PARAMS, OUTS, OPTIONS, CONDITION, CONDITION_PARAMS, SHORTCUT) VALUES ('IEntityComplexView', 'commands.view.detail.open', 'Открыть запись', 0, NULL, 0, 'views.ENTITY.DetailDef', NULL, 'ID=DETAIL_ID', NULL, NULL, NULL, NULL, NULL);
INSERT INTO BFW_UI_CMD (URI, CMD, CAPTION, IDX, GRP, DEF, HANDLER, HANDLER_FOR, PARAMS, OUTS, OPTIONS, CONDITION, CONDITION_PARAMS, SHORTCUT) VALUES ('IEntityListView', 'commands.view.new', 'Добавить', 0, NULL, 0, 'views.ENTITY.NewDef', NULL, NULL, NULL, NULL, NULL, NULL, NULL);
INSERT INTO BFW_UI_CMD (URI, CMD, CAPTION, IDX, GRP, DEF, HANDLER, HANDLER_FOR, PARAMS, OUTS, OPTIONS, CONDITION, CONDITION_PARAMS, SHORTCUT) VALUES ('IEntityTreeListView', 'commands.view.new', 'Добавить', 0, NULL, 0, 'views.ENTITY.NewDef', NULL, 'PARENT_ID=EV.PARENT_ID', NULL, NULL, NULL, NULL, NULL);
INSERT INTO BFW_UI_CMD (URI, CMD, CAPTION, IDX, GRP, DEF, HANDLER, HANDLER_FOR, PARAMS, OUTS, OPTIONS, CONDITION, CONDITION_PARAMS, SHORTCUT) VALUES ('IEntityJournalView', 'commands.view.new', 'Добавить', 0, NULL, 0, 'views.ENTITY.NewDef', NULL, NULL, NULL, NULL, NULL, NULL, NULL);
INSERT INTO BFW_UI_CMD (URI, CMD, CAPTION, IDX, GRP, DEF, HANDLER, HANDLER_FOR, PARAMS, OUTS, OPTIONS, CONDITION, CONDITION_PARAMS, SHORTCUT) VALUES ('views.BFW_IDE_ENT.List', 'cmd.EView', 'Views', 0, NULL, 0, 'views.BFW_IDE_EVIEW.List', NULL, 'ENTITYNAME=ITEM_ID', NULL, NULL, NULL, NULL, NULL);
INSERT INTO BFW_UI_CMD (URI, CMD, CAPTION, IDX, GRP, DEF, HANDLER, HANDLER_FOR, PARAMS, OUTS, OPTIONS, CONDITION, CONDITION_PARAMS, SHORTCUT) VALUES ('views.BFW_IDE_UI_CMD.List', 'commands.view.open', 'Open', 0, NULL, 0, 'views.BFW_IDE_UI_CMD.Item', NULL, 'URI=URI;CMD=EV.CMD', NULL, NULL, NULL, NULL, NULL);
INSERT INTO BFW_UI_CMD (URI, CMD, CAPTION, IDX, GRP, DEF, HANDLER, HANDLER_FOR, PARAMS, OUTS, OPTIONS, CONDITION, CONDITION_PARAMS, SHORTCUT) VALUES ('views.BFW_IDE_EVIEW.List', 'commands.view.new', 'New', 0, NULL, 0, 'views.BFW_IDE_EVIEW.New', NULL, 'ENTITYNAME=ENTITYNAME', NULL, NULL, NULL, NULL, NULL);
INSERT INTO BFW_UI_CMD (URI, CMD, CAPTION, IDX, GRP, DEF, HANDLER, HANDLER_FOR, PARAMS, OUTS, OPTIONS, CONDITION, CONDITION_PARAMS, SHORTCUT) VALUES ('views.BFW_IDE_UI.Item', 'cmd.fields', 'Fields', 2, NULL, 0, 'views.BFW_IDE_UI_FIELDS.List', NULL, 'ENTITYNAME=ENT;VIEWNAME=ENT_VIEW', NULL, NULL, NULL, NULL, NULL);
INSERT INTO BFW_UI_CMD (URI, CMD, CAPTION, IDX, GRP, DEF, HANDLER, HANDLER_FOR, PARAMS, OUTS, OPTIONS, CONDITION, CONDITION_PARAMS, SHORTCUT) VALUES ('views.BFW_IDE_UI.Item', 'cmd.commands', 'Commands', 1, NULL, 0, 'views.BFW_IDE_UI_CMD.List', NULL, NULL, NULL, NULL, NULL, NULL, NULL);
INSERT INTO BFW_UI_CMD (URI, CMD, CAPTION, IDX, GRP, DEF, HANDLER, HANDLER_FOR, PARAMS, OUTS, OPTIONS, CONDITION, CONDITION_PARAMS, SHORTCUT) VALUES ('views.BFW_IDE_UI_CMD.List', 'commands.view.new', 'Add', 0, NULL, 0, 'views.BFW_IDE_UI_CMD.New', NULL, 'URI=URI', NULL, NULL, NULL, NULL, NULL);
INSERT INTO BFW_UI_CMD (URI, CMD, CAPTION, IDX, GRP, DEF, HANDLER, HANDLER_FOR, PARAMS, OUTS, OPTIONS, CONDITION, CONDITION_PARAMS, SHORTCUT) VALUES ('views.BFW_IDE_EVIEW.List', 'commands.view.open', 'Open', 0, NULL, 0, 'views.BFW_IDE_EVIEW.Item', NULL, 'ENTITYNAME=EV.ENTITYNAME;VIEWNAME=EV.VIEWNAME', NULL, NULL, NULL, NULL, NULL);
INSERT INTO BFW_UI_CMD (URI, CMD, CAPTION, IDX, GRP, DEF, HANDLER, HANDLER_FOR, PARAMS, OUTS, OPTIONS, CONDITION, CONDITION_PARAMS, SHORTCUT) VALUES ('views.BFW_IDE_UI_FIELDS.List', 'commands.view.open', 'Open', 0, NULL, 0, 'views.BFW_IDE_UI_FIELDS.Item', NULL, 'ENTITYNAME=EV.ENTITYNAME;VIEWNAME=EV.VIEWNAME;FIELDNAME=EV.FIELDNAME', NULL, NULL, NULL, NULL, NULL);
INSERT INTO BFW_UI_CMD (URI, CMD, CAPTION, IDX, GRP, DEF, HANDLER, HANDLER_FOR, PARAMS, OUTS, OPTIONS, CONDITION, CONDITION_PARAMS, SHORTCUT) VALUES ('views.BFW_IDE.Main', 'commands.view.open', 'Open', 0, NULL, 0, 'views.BFW_IDE_UI.List', NULL, 'PKG=ITEM_ID', NULL, NULL, NULL, NULL, NULL);
INSERT INTO BFW_UI_CMD (URI, CMD, CAPTION, IDX, GRP, DEF, HANDLER, HANDLER_FOR, PARAMS, OUTS, OPTIONS, CONDITION, CONDITION_PARAMS, SHORTCUT) VALUES ('views.BFW_IDE_UI.List', 'commands.view.open', 'Open', 0, NULL, 0, 'views.BFW_IDE_UI.Item', NULL, 'URI=EV.URI', NULL, NULL, NULL, NULL, NULL);
INSERT INTO BFW_UI_CMD (URI, CMD, CAPTION, IDX, GRP, DEF, HANDLER, HANDLER_FOR, PARAMS, OUTS, OPTIONS, CONDITION, CONDITION_PARAMS, SHORTCUT) VALUES ('views.BFW_IDE_UI_FIELDS.List', 'commands.view.new', 'Add', 0, NULL, 0, 'views.BFW_IDE_UI_FIELDS.New', NULL, 'ENTITYNAME=ENTITYNAME;VIEWNAME=VIEWNAME', NULL, NULL, NULL, NULL, NULL);
INSERT INTO BFW_UI_CMD (URI, CMD, CAPTION, IDX, GRP, DEF, HANDLER, HANDLER_FOR, PARAMS, OUTS, OPTIONS, CONDITION, CONDITION_PARAMS, SHORTCUT) VALUES ('views.BFW_IDE.Main', 'cmd.Entities', 'Entities', 0, NULL, 0, 'views.BFW_IDE_ENT.List', NULL, NULL, NULL, NULL, NULL, NULL, NULL);
INSERT INTO BFW_UI_CMD (URI, CMD, CAPTION, IDX, GRP, DEF, HANDLER, HANDLER_FOR, PARAMS, OUTS, OPTIONS, CONDITION, CONDITION_PARAMS, SHORTCUT) VALUES ('views.BFW_IDE_UI.Item', 'cmd.entityviews', 'Entity Views', 3, NULL, 0, 'views.BFW_IDE_EVIEW.List', NULL, 'ENTITYNAME=ENT', NULL, NULL, NULL, NULL, NULL);
INSERT INTO BFW_UI_CMD (URI, CMD, CAPTION, IDX, GRP, DEF, HANDLER, HANDLER_FOR, PARAMS, OUTS, OPTIONS, CONDITION, CONDITION_PARAMS, SHORTCUT) VALUES ('views.BFW_IDE_UI.List', 'commands.view.new', 'Добавить', 0, NULL, 0, 'views.BFW_IDE_UI.New', NULL, 'PKG=PKG', NULL, NULL, NULL, NULL, NULL);
INSERT INTO BFW_UI_CMD (URI, CMD, CAPTION, IDX, GRP, DEF, HANDLER, HANDLER_FOR, PARAMS, OUTS, OPTIONS, CONDITION, CONDITION_PARAMS, SHORTCUT) VALUES ('views.CBR_PRICE.List', 'cmd.PriceTypList', 'Типы цен', 0, NULL, 0, 'views.CBR_PRICE_TYP.List', NULL, NULL, NULL, NULL, NULL, NULL, NULL);
INSERT INTO BFW_UI_CMD (URI, CMD, CAPTION, IDX, GRP, DEF, HANDLER, HANDLER_FOR, PARAMS, OUTS, OPTIONS, CONDITION, CONDITION_PARAMS, SHORTCUT) VALUES ('views.CBR_MENU.List', 'cmd.Groups', 'Группы', 0, NULL, 0, 'views.CBR_MENU_GRP.List', NULL, NULL, NULL, NULL, NULL, NULL, NULL);
INSERT INTO BFW_UI_CMD (URI, CMD, CAPTION, IDX, GRP, DEF, HANDLER, HANDLER_FOR, PARAMS, OUTS, OPTIONS, CONDITION, CONDITION_PARAMS, SHORTCUT) VALUES ('views.CBR_TBL.List', 'cmd.Rooms', 'Список залов', 0, NULL, 0, 'views.CBR_ROOM.List', NULL, NULL, NULL, NULL, NULL, NULL, NULL);
INSERT INTO BFW_UI_CMD (URI, CMD, CAPTION, IDX, GRP, DEF, HANDLER, HANDLER_FOR, PARAMS, OUTS, OPTIONS, CONDITION, CONDITION_PARAMS, SHORTCUT) VALUES ('views.BFW_IDE_EVIEW.Item', 'cmd.Fields', 'Fields', 0, NULL, 0, 'views.BFW_IDE_UI_FIELDS.List', NULL, 'ENTITYNAME=ENTITYNAME;VIEWNAME=VIEWNAME', NULL, NULL, NULL, NULL, NULL);
INSERT INTO BFW_UI_CMD (URI, CMD, CAPTION, IDX, GRP, DEF, HANDLER, HANDLER_FOR, PARAMS, OUTS, OPTIONS, CONDITION, CONDITION_PARAMS, SHORTCUT) VALUES ('views.CBR_ORD.List', 'cmd.open', 'Открыть', 0, NULL, 0, 'views.CBR_ORD.Item', 'on.dblclick', 'id=item_id', NULL, NULL, NULL, 'item_id=NotEmpty', NULL);
INSERT INTO BFW_UI_CMD (URI, CMD, CAPTION, IDX, GRP, DEF, HANDLER, HANDLER_FOR, PARAMS, OUTS, OPTIONS, CONDITION, CONDITION_PARAMS, SHORTCUT) VALUES ('views.CBR_ORD.Item', 'cmd.Print.KOrder', 'Бегунок', 10, '', 0, 'reports.korder', NULL, 'ID=EV.DetailKOrd.ID;LaunchMode=[1]', NULL, NULL, NULL, 'EV.DetailKOrd.ID=NotEmpty;ACTIVE_DETAIL=[DetailKOrd]', NULL);
INSERT INTO BFW_UI_CMD (URI, CMD, CAPTION, IDX, GRP, DEF, HANDLER, HANDLER_FOR, PARAMS, OUTS, OPTIONS, CONDITION, CONDITION_PARAMS, SHORTCUT) VALUES ('views.CBR_ORD.Item', 'cmd.Print.PreCheck', 'Пречек', 20, '', 0, 'reports.precheck', '', 'ID=HID;LaunchMode=[1]', NULL, NULL, NULL, NULL, NULL);
INSERT INTO BFW_UI_CMD (URI, CMD, CAPTION, IDX, GRP, DEF, HANDLER, HANDLER_FOR, PARAMS, OUTS, OPTIONS, CONDITION, CONDITION_PARAMS, SHORTCUT) VALUES ('views.CBR_ORD.Item', 'cmd.BackToActive', 'Вернуть на обслуживание', 0, NULL, 0, 'views.CBR_ORD.Oper.BackToActive', NULL, 'ID=HID', NULL, 'CloseViewAfter', NULL, NULL, NULL);

COMMIT WORK;

INSERT INTO BFW_UI_STYLES (ID, OPTIONS) VALUES ('Style.InfoBk', 'Color=InfoBk');
INSERT INTO BFW_UI_STYLES (ID, OPTIONS) VALUES ('Style.Bold', 'Font.Style=Bold');

COMMIT WORK;

INSERT INTO INF_ENUM (TABLENAME, FIELDNAME, ID, NAME, CODE) VALUES ('CBR_MENU', 'STATE_ID', 0, 'Новое', NULL);
INSERT INTO INF_ENUM (TABLENAME, FIELDNAME, ID, NAME, CODE) VALUES ('CBR_MENU', 'STATE_ID', 1, 'Активно', NULL);
INSERT INTO INF_ENUM (TABLENAME, FIELDNAME, ID, NAME, CODE) VALUES ('CBR_MENU', 'STATE_ID', 2, 'Не активно', NULL);
INSERT INTO INF_ENUM (TABLENAME, FIELDNAME, ID, NAME, CODE) VALUES ('CBR_MENU', 'STATE_ID', 3, 'Закрыто', '');
INSERT INTO INF_ENUM (TABLENAME, FIELDNAME, ID, NAME, CODE) VALUES ('CBR_ORD', 'STATE_ID', 1, 'Обслуживается', NULL);
INSERT INTO INF_ENUM (TABLENAME, FIELDNAME, ID, NAME, CODE) VALUES ('CBR_ORD', 'STATE_ID', 2, 'Пречек', NULL);
INSERT INTO INF_ENUM (TABLENAME, FIELDNAME, ID, NAME, CODE) VALUES ('CBR_ORD', 'STATE_ID', 3, 'Закрыт', NULL);
INSERT INTO INF_ENUM (TABLENAME, FIELDNAME, ID, NAME, CODE) VALUES ('CBR_ORD', 'STATE_ID', 0, 'Открыт', NULL);
INSERT INTO INF_ENUM (TABLENAME, FIELDNAME, ID, NAME, CODE) VALUES ('CBR', '-', 0, 'Новая', NULL);
INSERT INTO INF_ENUM (TABLENAME, FIELDNAME, ID, NAME, CODE) VALUES ('CBR', '-', 1, 'Активная', NULL);
INSERT INTO INF_ENUM (TABLENAME, FIELDNAME, ID, NAME, CODE) VALUES ('CBR', '-', 2, 'Не активная', NULL);
INSERT INTO INF_ENUM (TABLENAME, FIELDNAME, ID, NAME, CODE) VALUES ('CBR', '-', 3, 'Закрытая', NULL);

COMMIT WORK;

INSERT INTO INF_MSG (CODE, MSG) VALUES ('ERROR.PRECHECK', 'Есть невыполненный заказ!');
INSERT INTO INF_MSG (CODE, MSG) VALUES ('CBR_ORD.DELETE.CHK_STATE', 'Удалять нельзя! Заказ в работе');
INSERT INTO INF_MSG (CODE, MSG) VALUES ('CBR_ORD.DELETE.NOT_EMPTY', 'Удалять нельзя! Заказ не пуст');

COMMIT WORK;

INSERT INTO INF_STATES (TABLENAME, ID, CODE, NAME, DRANGE) VALUES ('CBR_ORD', 0, NULL, 'Открытые', 0);
INSERT INTO INF_STATES (TABLENAME, ID, CODE, NAME, DRANGE) VALUES ('CBR_ORD', 1, NULL, 'Обслуживаются', 0);
INSERT INTO INF_STATES (TABLENAME, ID, CODE, NAME, DRANGE) VALUES ('CBR_ORD', 2, NULL, 'Пречек', 0);
INSERT INTO INF_STATES (TABLENAME, ID, CODE, NAME, DRANGE) VALUES ('CBR_ORD', 3, NULL, 'Закрытые', 1);

COMMIT WORK;

